STATEFP,COUNTYFP,TRACTCE,AFFGEOID,GEOID,NAME,LSAD,ALAND,AWATER,joiner,geometry,GeoId,Pop_00,White_00,Minority_00,Min_Perc_00,Pop_10,White_10,Minority_10,Min_Perc_10,Pop_16,White_16,Minority_16,Min_Perc_16,MP00_10,MP10_16,MP00_16
45,019,000500,1400000US45019000500,45019000500,5,CT,668788,398384,45019000500.0,"POLYGON ((-79.95499099999999 32.780822, -79.946918 32.782889, -79.945566 32.783258, -79.940956 32.784378, -79.939409 32.781572, -79.93827499999999 32.779531, -79.941076 32.778422, -79.94478599999999 32.776976, -79.94435399999999 32.776183, -79.94947499999999 32.773664, -79.956846 32.779657, -79.95499099999999 32.780822))",45019000500,2174,2106,68,3.1278748850046,1975,1897,78,3.949367088607595,2077,2002,75,3.610977371208474,0.821492203602995,-0.33838971739912127,0.48310248620387375
45,019,001500,1400000US45019001500,45019001500,15,CT,459878,0,45019001500.0,"POLYGON ((-79.95488999999999 32.812403, -79.952653 32.812386, -79.950183 32.810516, -79.94897899999999 32.807542, -79.949501 32.807265, -79.95083699999999 32.806469, -79.95105099999999 32.803468, -79.949462 32.80116, -79.951871 32.79994, -79.95352699999999 32.803086, -79.954138 32.805886, -79.95510899999999 32.810406, -79.95488999999999 32.812403))",45019001500,1615,153,1462,90.52631578947368,1371,415,956,69.73012399708242,1409,551,858,60.89425124201562,-20.79619179239127,-8.835872755066795,-29.632064547458064
45,019,003000,1400000US45019003000,45019003000,30,CT,5064746,1108550,45019003000.0,"POLYGON ((-79.99260599999999 32.783225, -79.987561 32.782327, -79.987433 32.782305, -79.98522199999999 32.781914, -79.98443499999999 32.782835, -79.983565 32.783244, -79.982888 32.783507, -79.98191299999999 32.783976, -79.981672 32.784094, -79.97904299999999 32.785335, -79.978583 32.785613, -79.97743199999999 32.786143, -79.97681 32.785716, -79.97444899999999 32.787746, -79.97025599999999 32.78686, -79.967011 32.788576, -79.96102399999999 32.783496, -79.956846 32.779657, -79.94947499999999 32.773664, -79.963753 32.768125, -79.97005899999999 32.767412, -79.972864 32.766448, -79.974046 32.766382, -79.983127 32.766389, -79.982253 32.767395, -79.986087 32.772515, -79.98755 32.771036, -79.988299 32.771041, -79.99000599999999 32.771963, -79.991614 32.773649, -79.99038899999999 32.774671, -79.99155499999999 32.776188, -79.991145 32.776562, -79.991727 32.781626, -79.99382 32.783433, -79.99260599999999 32.783225))",45019003000,3131,3113,18,0.5748961992973491,3160,3076,84,2.6582278481012658,3624,3551,73,2.0143487858719644,2.0833316488039166,-0.6438790622293014,1.4394525865746153
45,019,003600,1400000US45019003600,45019003600,36,CT,1736076,7395,45019003600.0,"POLYGON ((-79.99614799999999 32.876266, -79.99261799999999 32.877318, -79.992705 32.881304, -79.986839 32.881311, -79.98544799999999 32.882588, -79.984112 32.88215, -79.98383199999999 32.881607, -79.98338 32.881431, -79.980183 32.881485, -79.97793799999999 32.881511, -79.97413 32.881569, -79.97359299999999 32.878164, -79.97377399999999 32.87631, -79.97384099999999 32.876003, -79.975487 32.874422, -79.980076 32.873902, -79.980633 32.873558, -79.98505 32.872997, -79.99461099999999 32.871896, -79.99554599999999 32.872423, -79.994444 32.873348, -79.99614799999999 32.876266))",45019003600,2791,1317,1474,52.8126119670369,2233,1099,1134,50.78369905956113,2369,1391,978,41.28324187420853,-2.028912907475771,-9.500457185352602,-11.529370092828373
45,019,000400,1400000US45019000400,45019000400,4,CT,630766,0,45019000400.0,"POLYGON ((-79.940956 32.784378, -79.93938399999999 32.784714, -79.937708 32.785308, -79.93426199999999 32.786692, -79.93189699999999 32.787746, -79.931499 32.785818, -79.92981399999999 32.783262, -79.93339899999999 32.78146, -79.933278 32.781121, -79.932889 32.77776, -79.934832 32.777579, -79.93748099999999 32.777353, -79.93827499999999 32.779531, -79.939409 32.781572, -79.940956 32.784378))",45019000400,2939,2384,555,18.88397414086424,3361,2827,534,15.888128533174651,3305,2624,681,20.605143721633887,-2.9958456076895885,4.717015188459236,1.7211695807696472
45,019,001100,1400000US45019001100,45019001100,11,CT,1100763,246398,45019001100.0,"POLYGON ((-79.967011 32.788576, -79.95950999999999 32.792329, -79.957309 32.794091, -79.952017 32.796845, -79.950676 32.797552, -79.9486 32.793048, -79.94793 32.791562, -79.947305 32.790228, -79.94917599999999 32.789342, -79.95096099999999 32.788495, -79.956565 32.7853, -79.96102399999999 32.783496, -79.967011 32.788576))",45019001100,2604,146,2458,94.39324116743471,2525,733,1792,70.97029702970296,2448,897,1551,63.357843137254896,-23.422944137731747,-7.612453892448066,-31.035398030179813
45,019,002604,1400000US45019002604,45019002604,26.04,CT,3438723,1390290,45019002604.0,"POLYGON ((-80.01574699999999 32.825111, -80.01478399999999 32.827964, -80.013041 32.826744, -80.00689799999999 32.830458, -80.00308299999999 32.832767, -79.993555 32.836271, -79.98811099999999 32.837275, -79.984607 32.836876, -79.98588099999999 32.834811, -79.987798 32.831682, -79.989662 32.828601, -79.99236599999999 32.820204, -79.99278099999999 32.818837, -79.99457799999999 32.816488, -79.997242 32.814719, -80.008961 32.807031, -80.009851 32.809515, -80.009979 32.809764, -80.01009499999999 32.80995, -80.010413 32.810388, -80.01208 32.812048, -80.01327999999999 32.81324, -80.011219 32.814314, -80.01012899999999 32.818591, -80.01218 32.818658, -80.011287 32.819686, -80.012243 32.821281, -80.01370799999999 32.820501, -80.01391699999999 32.820627, -80.013952 32.820973, -80.013897 32.821216, -80.013733 32.821537, -80.01330999999999 32.822073, -80.01293099999999 32.822231, -80.01248199999999 32.822226, -80.012388 32.822502, -80.012739 32.822802, -80.01352299999999 32.823189, -80.013666 32.823403, -80.01357999999999 32.823804, -80.01362399999999 32.824075, -80.013786 32.824256, -80.01521099999999 32.824526, -80.01574699999999 32.825111))",45019002604,3666,3008,658,17.94871794871795,3503,2492,1011,28.860976306023407,3900,2944,956,24.512820512820515,10.912258357305458,-4.348155793202892,6.564102564102566
45,019,002702,1400000US45019002702,45019002702,27.02,CT,2766122,0,45019002702.0,"POLYGON ((-80.020691 32.788381, -80.020473 32.789611, -80.01638699999999 32.795806, -80.015157 32.800345, -80.01499799999999 32.801018, -80.014759 32.801994, -80.013368 32.802253, -80.013009 32.802302, -80.011218 32.802568, -80.007571 32.803117, -80.007537 32.803023, -80.00724099999999 32.802203, -80.00634699999999 32.799572, -80.006055 32.798665, -80.00174 32.797883, -80.001746 32.797315, -79.999996 32.791888, -79.996591 32.784959, -79.996837 32.783967, -80.00032499999999 32.784576, -80.00261499999999 32.784976, -80.01339399999999 32.786858, -80.020653 32.788125, -80.020691 32.788381))",45019002702,5423,1277,4146,76.4521482574221,5271,1286,3985,75.60235249478278,4332,1627,2705,62.44228993536473,-0.8497957626393173,-13.160062559418051,-14.009858322057369
45,019,002900,1400000US45019002900,45019002900,29,CT,2557704,461588,45019002900.0,"POLYGON ((-79.99720499999999 32.792317, -79.99494199999999 32.792788, -79.985422 32.79433, -79.972022 32.797004, -79.97101099999999 32.793476, -79.967011 32.788576, -79.97025599999999 32.78686, -79.97444899999999 32.787746, -79.97681 32.785716, -79.97743199999999 32.786143, -79.978583 32.785613, -79.97904299999999 32.785335, -79.981672 32.784094, -79.98191299999999 32.783976, -79.982888 32.783507, -79.983565 32.783244, -79.98443499999999 32.782835, -79.98522199999999 32.781914, -79.987433 32.782305, -79.987561 32.782327, -79.99260599999999 32.783225, -79.99382 32.783433, -79.996837 32.783967, -79.996591 32.784959, -79.999996 32.791888, -79.99720499999999 32.792317))",45019002900,2901,1769,1132,39.02102723198897,2847,1817,1030,36.178433438707415,2907,2069,838,28.826969384244926,-2.8425937932815515,-7.35146405446249,-10.194057847744041
45,019,005000,1400000US45019005000,45019005000,50,CT,719588417,130131574,45019005000.0,"MULTIPOLYGON (((-79.507948 33.020076, -79.507132 33.019739, -79.506327 33.020104, -79.505488 33.020536, -79.504627 33.02017, -79.50329599999999 33.020254, -79.50236799999999 33.020582, -79.50150699999999 33.01971, -79.50097 33.018866, -79.50097 33.018191, -79.501361 33.017554, -79.501976 33.017272, -79.503106 33.017563, -79.50347499999999 33.018097, -79.50413499999999 33.018735, -79.50512999999999 33.019195, -79.506416 33.01942, -79.5074 33.019373, -79.508071 33.019588, -79.507948 33.020076)), ((-79.553606 32.990386, -79.55134799999999 32.991881, -79.548734 32.992978, -79.546476 32.99238, -79.545219 32.990715, -79.54706999999999 32.98939, -79.549566 32.98939, -79.550873 32.989489, -79.55217999999999 32.988791, -79.553606 32.990386)), ((-79.801075 32.930692, -79.79823399999999 32.933799, -79.79622599999999 32.935136, -79.79206499999999 32.937095, -79.783096 32.943164, -79.781153 32.943846, -79.778904 32.943745, -79.774688 32.941645, -79.770984 32.94186, -79.77178099999999 32.943867, -79.770408 32.946667, -79.76912399999999 32.951545, -79.767466 32.952779, -79.767748 32.95502, -79.766142 32.954567, -79.765242 32.95655199999999, -79.76364099999999 32.956338, -79.76357999999999 32.958174, -79.764532 32.960107, -79.765925 32.964148, -79.769324 32.968545, -79.7693 32.971566, -79.767757 32.973724, -79.76852699999999 32.975529, -79.766835 32.97948, -79.76211499999999 32.989093, -79.75864899999999 32.992036, -79.755285 32.995957, -79.75146699999999 32.998842, -79.74887099999999 33.000172, -79.743045 33.00538, -79.730301 33.012638, -79.729024 33.014089, -79.726494 33.019982, -79.72160099999999 33.03097899999999, -79.717687 33.036891, -79.714654 33.040642, -79.712603 33.041937, -79.70303199999999 33.045934, -79.70085 33.048621, -79.699878 33.052559, -79.698673 33.054992, -79.69741999999999 33.056144, -79.694146 33.058158, -79.69183 33.060149, -79.687879 33.064459, -79.686476 33.06694, -79.682647 33.07067, -79.68189599999999 33.071876, -79.674857 33.080584, -79.666984 33.086392, -79.66181999999999 33.089566, -79.660501 33.090832, -79.65546399999999 33.10082, -79.649174 33.109829, -79.64767599999999 33.112621, -79.647127 33.114632, -79.64712299999999 33.117235, -79.645208 33.120478, -79.64330099999999 33.123453, -79.63838199999999 33.126865, -79.634314 33.129033, -79.629717 33.128438, -79.628044 33.128881, -79.62274699999999 33.132841, -79.620907 33.135976, -79.61623899999999 33.136918, -79.612512 33.138317, -79.610579 33.136123, -79.609053 33.133057, -79.59987 33.134005, -79.597584 33.1396, -79.597081 33.141804, -79.59551499999999 33.143368, -79.59141099999999 33.14408, -79.58963399999999 33.144756, -79.58634699999999 33.146923, -79.583511 33.146759, -79.58008 33.148364, -79.571388 33.149861, -79.56867 33.151856, -79.565663 33.153291, -79.564088 33.155364, -79.56046099999999 33.156403, -79.554929 33.155533, -79.549959 33.15562, -79.545349 33.152588, -79.544145 33.149988, -79.540201 33.147408, -79.533952 33.144035, -79.5326 33.144228, -79.53079699999999 33.145721, -79.52799499999999 33.145634, -79.527446 33.146189, -79.525002 33.145875, -79.521613 33.146708, -79.51867 33.148533, -79.51553799999999 33.153487, -79.51337599999999 33.155838, -79.51359699999999 33.157208, -79.51242599999999 33.157689, -79.51336999999999 33.160462, -79.51286899999999 33.161693, -79.513447 33.164121, -79.512829 33.166176, -79.511079 33.167765, -79.509401 33.167625, -79.507132 33.168535, -79.50656099999999 33.171115, -79.50452199999999 33.172269, -79.503445 33.174366, -79.50427999999999 33.176853, -79.501588 33.17828, -79.496945 33.177427, -79.497214 33.179789, -79.496386 33.179907, -79.496298 33.18521, -79.49538099999999 33.185368, -79.49419 33.187694, -79.4931 33.187725, -79.492818 33.191821, -79.49080699999999 33.193669, -79.490353 33.192942, -79.486627 33.192361, -79.485483 33.19447, -79.485899 33.195342, -79.48427099999999 33.195934, -79.48287599999999 33.197894, -79.484459 33.201702, -79.483611 33.203782, -79.48209399999999 33.203518, -79.481256 33.204388, -79.478208 33.20315, -79.477396 33.205238, -79.47846699999999 33.206335, -79.477402 33.208635, -79.473838 33.209127, -79.47373499999999 33.210366, -79.471321 33.210416, -79.46778499999999 33.206544, -79.466065 33.20908, -79.46244399999999 33.207532, -79.46054699999999 33.207984, -79.459559 33.209214, -79.458252 33.209387, -79.45854799999999 33.210731, -79.456985 33.209373, -79.45484999999999 33.21009, -79.45379 33.20844, -79.450294 33.207334, -79.44929399999999 33.207767, -79.449074 33.210163, -79.446648 33.211819, -79.446699 33.213458, -79.441585 33.21476, -79.43838699999999 33.215136, -79.436261 33.214184, -79.433927 33.212451, -79.42736699999999 33.209482, -79.42640399999999 33.205441, -79.42466999999999 33.204071, -79.41967799999999 33.20116, -79.41358799999999 33.198159, -79.41021499999999 33.193072, -79.406633 33.186656, -79.40485799999999 33.184929, -79.401894 33.182047, -79.393845 33.177633, -79.384913 33.175368, -79.379915 33.171939, -79.37478 33.167529, -79.366916 33.162274, -79.362382 33.160926, -79.35770099999999 33.158935, -79.35426099999999 33.155594, -79.35081599999999 33.153528, -79.34156299999999 33.154032, -79.33207 33.152688, -79.32553799999999 33.150439, -79.316743 33.146271, -79.30760699999999 33.145486, -79.297797 33.145581, -79.29546499999999 33.146475, -79.29124999999999 33.146563, -79.28393199999999 33.144252, -79.28095999999999 33.143603, -79.27803999999999 33.142559, -79.272412 33.139653, -79.27006799999999 33.137714, -79.268169 33.134477, -79.26794599999999 33.13334, -79.268411 33.130308, -79.271846 33.123386, -79.27529 33.118924, -79.27671699999999 33.117914, -79.28881799999999 33.111305, -79.29056515824701 33.11022118329009, -79.291591 33.109773, -79.30594099999999 33.10316, -79.316063 33.099231, -79.323385 33.092583, -79.328159 33.090406, -79.32987199999999 33.089512, -79.334531 33.080131, -79.3325711260008 33.07914085021319, -79.3337615508937 33.0759717859252, -79.335909 33.070255, -79.34149499999999 33.053822, -79.35123999999999 33.035193, -79.359796 33.01965, -79.362292 33.009087, -79.373582 33.008688, -79.379999 33.009386, -79.396755 33.00819, -79.3987247250794 33.0080529366405, -79.40753282462751 33.0106628921562, -79.40108099999999 33.011175, -79.40064699999999 33.017506, -79.404422 33.019617, -79.405203 33.018016, -79.407286 33.01445, -79.41635599999999 33.016124, -79.452848 33.012675, -79.47055499999999 33.010084, -79.47468099999999 33.011389, -79.483271 33.009785, -79.48933199999999 33.01397, -79.488727 33.015832, -79.50406799999999 33.027422, -79.506923 33.032813, -79.52244899999999 33.03535, -79.525221 33.037286, -79.53211399999999 33.035193, -79.53212660816929 33.0338482486813, -79.53214899999999 33.03146, -79.534966 33.02847, -79.54132299999999 33.025987, -79.545317 33.026537, -79.55141999999999 33.023959, -79.55481999999999 33.021596, -79.55756 33.021269, -79.563176 33.017676, -79.566188 33.015285, -79.571108 33.013811, -79.575969 33.009231, -79.580725 33.006447, -79.58102502176149 33.0045429569702, -79.58131399999999 33.002709, -79.583344 33.000351, -79.58371699999999 32.996155, -79.58659 32.991334, -79.592761 32.985218, -79.598415 32.981066, -79.59866199999999 32.979648, -79.60101999999999 32.979282, -79.60661499999999 32.972248, -79.60550599999999 32.968364, -79.606223 32.965588, -79.607996 32.96335, -79.617611 32.952726, -79.61771499999999 32.94487, -79.612928 32.934815, -79.606194 32.925953, -79.60600264249049 32.9259577893588, -79.585897 32.926461, -79.58608799999999 32.929456, -79.5825329613708 32.93097866480709, -79.581687 32.931341, -79.579989 32.933452, -79.579398310304 32.933552065134, -79.576701 32.934009, -79.57408599999999 32.932509, -79.573408 32.92788, -79.574613 32.921117, -79.578087 32.910408, -79.581058 32.906417, -79.59473944430329 32.9015522497557, -79.6269585065323 32.8900960257362, -79.63114899999999 32.888606, -79.6343452609343 32.886385032281, -79.6418 32.881205, -79.64665599999999 32.876055, -79.64972399999999 32.87644, -79.65592699999999 32.875881, -79.66721699999999 32.869793, -79.68124 32.861708, -79.693375 32.852821, -79.698115 32.851325, -79.6987230967603 32.8492256453902, -79.70196899999999 32.852168, -79.707521 32.855142, -79.714713 32.853415, -79.718501 32.853014, -79.72045899999999 32.853325, -79.725033 32.855191, -79.72627399999999 32.855801, -79.72775399999999 32.855157, -79.72793799999999 32.858323, -79.727155 32.859266, -79.727142 32.86125, -79.726291 32.86391, -79.728994 32.863553, -79.729726 32.864447, -79.73028699999999 32.867503, -79.731504 32.86989, -79.733481 32.871504, -79.734596 32.871175, -79.73695099999999 32.871756, -79.737016 32.872853, -79.735473 32.874822, -79.73526 32.877071, -79.735895 32.879585, -79.743917 32.887406, -79.741567 32.8892, -79.732952 32.897965, -79.73005499999999 32.901506, -79.716854 32.917983, -79.71573599999999 32.920659, -79.715498 32.921626, -79.7144 32.926174, -79.71427799999999 32.926654, -79.71347299999999 32.929956, -79.713026 32.931781, -79.712059 32.93571, -79.71177399999999 32.936478, -79.71161599999999 32.93681, -79.71094699999999 32.937918, -79.710285 32.938699, -79.710145 32.938838, -79.71234199999999 32.943172, -79.714986 32.944837, -79.72568 32.945366, -79.72436499999999 32.943325, -79.724991 32.94257, -79.72269399999999 32.938225, -79.721476 32.934336, -79.721993 32.932129, -79.721688 32.929856, -79.72192199999999 32.926662, -79.721594 32.924793, -79.72266599999999 32.923133, -79.725404 32.92140699999999, -79.72936799999999 32.920597, -79.731652 32.921167, -79.734098 32.920259, -79.73486699999999 32.919283, -79.735648 32.916287, -79.73717599999999 32.91467, -79.739958 32.914005, -79.74525199999999 32.914161, -79.748509 32.913668, -79.75219799999999 32.914561, -79.757426 32.917479, -79.758934 32.917989, -79.761133 32.918733, -79.76825599999999 32.919486, -79.76858799999999 32.919543, -79.76937199999999 32.919679, -79.774503 32.923572, -79.77743199999999 32.926616, -79.782213 32.927984, -79.78634099999999 32.930577, -79.789839 32.930411, -79.79670299999999 32.928119, -79.799539 32.928146, -79.802195 32.929916, -79.801075 32.930692)))",45019005000,5091,1795,3296,64.74170104105283,4913,2006,2907,59.16955017301038,4957,2242,2715,54.7710308654428,-5.572150868042456,-4.398519307567575,-9.970670175610032
45,019,002701,1400000US45019002701,45019002701,27.01,CT,3874679,0,45019002701.0,"POLYGON ((-80.043098 32.792843, -80.042739 32.79348, -80.04248299999999 32.793932, -80.041518 32.795634, -80.041242 32.796118, -80.041107 32.796418, -80.041034 32.796743, -80.04110399999999 32.799746, -80.041009 32.800096, -80.04054699999999 32.800939, -80.03858 32.804278, -80.0356 32.80577299999999, -80.02983999999999 32.806067, -80.02352499999999 32.806568, -80.022886 32.80686, -80.022148 32.806249, -80.021244 32.80548, -80.020555 32.804883, -80.01915699999999 32.803686, -80.01707999999999 32.801921, -80.01643299999999 32.801358, -80.01541999999999 32.800513, -80.015311 32.800436, -80.015157 32.800345, -80.01638699999999 32.795806, -80.020473 32.789611, -80.020691 32.788381, -80.020653 32.788125, -80.02279 32.788505, -80.02300699999999 32.788542, -80.024919 32.78888, -80.027564 32.78933, -80.027721 32.789357, -80.02920899999999 32.789609, -80.030261 32.789787, -80.03071799999999 32.789894, -80.031789 32.790091, -80.032286 32.790176, -80.04178 32.791824, -80.042356 32.791925, -80.04348499999999 32.79211799999999, -80.043098 32.792843))",45019002701,2422,881,1541,63.62510322047894,2547,1025,1522,59.75657636435021,2401,901,1500,62.473969179508536,-3.8685268561287316,2.717392815158327,-1.1511340409704047
45,019,000600,1400000US45019000600,45019000600,6,CT,847352,143037,45019000600.0,"POLYGON ((-79.96102399999999 32.783496, -79.956565 32.7853, -79.95096099999999 32.788495, -79.94917599999999 32.789342, -79.947305 32.790228, -79.94583 32.786992, -79.94330000000001 32.787682, -79.941867 32.78606, -79.940956 32.784378, -79.945566 32.783258, -79.946918 32.782889, -79.95499099999999 32.780822, -79.956846 32.779657, -79.96102399999999 32.783496))",45019000600,1597,1148,449,28.115216030056356,1256,1042,214,17.038216560509554,1166,951,215,18.43910806174957,-11.076999469546802,1.400891501240018,-9.676107968306784
45,019,000900,1400000US45019000900,45019000900,9,CT,1313241,1145376,45019000900.0,"POLYGON ((-79.93999099999999 32.79773, -79.935243 32.800314, -79.93654599999999 32.80283, -79.935754 32.804226, -79.933584 32.804908, -79.93349499999999 32.804914, -79.93078899999999 32.804853, -79.92442899999999 32.804037, -79.91573099999999 32.802914, -79.91643999999999 32.79617, -79.925432 32.792296, -79.930212 32.790213, -79.93113699999999 32.79205, -79.932175 32.7941, -79.936994 32.79226, -79.93731699999999 32.79286, -79.93860699999999 32.795325, -79.93926999999999 32.796619, -79.93999099999999 32.79773))",45019000900,1702,107,1595,93.71327849588718,1413,295,1118,79.12243453644727,1338,461,877,65.54559043348281,-14.590843959439908,-13.576844102964458,-28.167688062404366
45,019,001901,1400000US45019001901,45019001901,19.01,CT,9990852,1383342,45019001901.0,"POLYGON ((-80.00886799999999 32.757359, -80.00859699999999 32.757827, -80.003547 32.763321, -80.00339099999999 32.764073, -80.003957 32.765807, -80.001924 32.766952, -80.00108399999999 32.767199, -79.996544 32.767905, -79.992898 32.768577, -79.99268499999999 32.768704, -79.99133999999999 32.769244, -79.990487 32.769162, -79.98865099999999 32.767848, -79.986203 32.766139, -79.984026 32.766099, -79.983127 32.766389, -79.974046 32.766382, -79.974491 32.763384, -79.975781 32.762694, -79.980935 32.762766, -79.98210899999999 32.762782, -79.98252599999999 32.75964, -79.98264899999999 32.758671, -79.983186 32.754256, -79.98347299999999 32.750975, -79.98318999999999 32.750149, -79.981359 32.745714, -79.981314 32.745626, -79.98240699999999 32.745079, -79.982947 32.744428, -79.98138399999999 32.74353, -79.98146799999999 32.743102, -79.98154599999999 32.74281, -79.981337 32.742453, -79.981123 32.742354, -79.980706 32.742508, -79.98046599999999 32.742376, -79.980661 32.742305, -79.9807 32.7422, -79.980693 32.741766, -79.98056099999999 32.741545, -79.98011 32.741219, -79.979174 32.740126, -79.97905799999999 32.739348, -79.980645 32.735893, -79.98228399999999 32.733682, -79.98893 32.730447, -79.99207199999999 32.72934, -79.994615 32.729471, -79.995245 32.727172, -79.993031 32.726712, -79.99378299999999 32.725583, -79.995088 32.725804, -79.99631099999999 32.721434, -79.99695799999999 32.721644, -79.99894999999999 32.722001, -80.000045 32.722232, -80.004711 32.72312, -80.005301 32.723354, -80.007407 32.725254, -80.009388 32.728702, -80.009784 32.732892, -80.00964999999999 32.735493, -80.00828199999999 32.741933, -80.008517 32.744965, -80.01008999999999 32.753019, -80.00886799999999 32.757359))",45019001901,3767,3121,646,17.148924873904964,3821,3192,629,16.46165925150484,4491,3943,548,12.2021821420619,-0.6872656224001226,-4.2594771094429404,-4.946742731843063
45,019,002101,1400000US45019002101,45019002101,21.01,CT,86577527,4547315,45019002101.0,"POLYGON ((-80.17029599999999 32.738187, -80.16782099999999 32.741666, -80.16614899999999 32.743171, -80.165673 32.743653, -80.16539299999999 32.743833, -80.16474599999999 32.7444, -80.16391999999999 32.746632, -80.162936 32.747904, -80.160438 32.749333, -80.15898 32.749812, -80.15753599999999 32.749896, -80.155475 32.749863, -80.15131 32.747958, -80.14754499999999 32.747461, -80.140637 32.747075, -80.137216 32.74867, -80.13607399999999 32.752607, -80.135891 32.754593, -80.13467299999999 32.756115, -80.131964 32.757843, -80.131252 32.758981, -80.131376 32.760584, -80.133281 32.765326, -80.133365 32.768397, -80.12787899999999 32.776998, -80.12481699999999 32.778896, -80.12142899999999 32.779938, -80.121038 32.780854, -80.11950499999999 32.780426, -80.111527 32.783087, -80.107208 32.78566199999999, -80.10187999999999 32.787136, -80.099912 32.786592, -80.096029 32.783009, -80.08893499999999 32.77896, -80.082759 32.778384, -80.079335 32.777632, -80.075847 32.775392, -80.072487 32.772144, -80.070567 32.770864, -80.06892599999999 32.770752, -80.06707899999999 32.771312, -80.06115899999999 32.775728, -80.057087 32.777509, -80.053814 32.778676, -80.053461 32.778701, -80.05097099999999 32.77874, -80.047247 32.778094, -80.04321399999999 32.776167, -80.03893099999999 32.77385599999999, -80.035297 32.771918, -80.03211399999999 32.770276, -80.02221399999999 32.768277, -80.01799699999999 32.768401, -80.008713 32.768677, -80.003957 32.765807, -80.00339099999999 32.764073, -80.003547 32.763321, -80.00859699999999 32.757827, -80.00886799999999 32.757359, -80.01008999999999 32.753019, -80.022378 32.751586, -80.026658 32.751694, -80.02888399999999 32.751697, -80.030227 32.751166, -80.03781099999999 32.74389, -80.03834499999999 32.74358, -80.03777699999999 32.742854, -80.03638099999999 32.741026, -80.032307 32.735604, -80.03139 32.73438, -80.03013 32.732728, -80.02985199999999 32.732433, -80.029157 32.731793, -80.02844399999999 32.731149, -80.026353 32.729248, -80.02602399999999 32.728928, -80.023876 32.7258, -80.021501 32.718743, -80.021877 32.718535, -80.02659799999999 32.715432, -80.03223899999999 32.714187, -80.03943199999999 32.71203, -80.041416 32.711463, -80.04611899999999 32.70946, -80.05434199999999 32.707932, -80.06095599999999 32.707905, -80.06905999999999 32.709174, -80.06894 32.708374, -80.06916699999999 32.706825, -80.070756 32.706922, -80.072019 32.706259, -80.072619 32.704781, -80.07428399999999 32.703223, -80.07553399999999 32.700195, -80.077608 32.702274, -80.080344 32.706418, -80.081096 32.70853, -80.082584 32.709474, -80.08336799999999 32.71157, -80.08546299999999 32.713235, -80.09158099999999 32.714427, -80.092714 32.715048, -80.093683 32.715067, -80.094184 32.715026, -80.095096 32.715218, -80.09595999999999 32.715874, -80.09770399999999 32.716642, -80.09861599999999 32.717186, -80.09930299999999 32.717293, -80.103336 32.716978, -80.10512899999999 32.717682, -80.106217 32.716098, -80.109657 32.71413, -80.110857 32.713938, -80.112729 32.712562, -80.11844099999999 32.71093, -80.12018499999999 32.709026, -80.12584199999999 32.705473, -80.12825699999999 32.705489, -80.13005799999999 32.707109, -80.13226 32.708116, -80.135594 32.709047, -80.138885 32.71135, -80.139826 32.711377, -80.148307 32.709621, -80.151425 32.707493, -80.15525 32.706786, -80.157532 32.704373, -80.159452 32.704621, -80.160963 32.707417, -80.162646 32.707705, -80.165949 32.706755, -80.169538 32.708291, -80.17159099999999 32.707913, -80.171346 32.710863, -80.17018399999999 32.71259, -80.16652599999999 32.716836, -80.16431299999999 32.720103, -80.16384699999999 32.721858, -80.16402699999999 32.722657, -80.166966 32.724139, -80.16751499999999 32.725548, -80.16882199999999 32.731159, -80.17202999999999 32.734495, -80.17029599999999 32.738187))",45019002101,7066,4531,2535,35.87602604019247,11091,7392,3699,33.351365972410065,12495,10230,2265,18.127250900360146,-2.5246600677824063,-15.22411507204992,-17.748775139832325
45,019,002502,1400000US45019002502,45019002502,25.02,CT,116864956,16172864,45019002502.0,"POLYGON ((-80.29950199999999 32.685433, -80.295571 32.688223, -80.294451 32.688481, -80.290559 32.687977, -80.28702799999999 32.689261, -80.286474 32.690122, -80.286716 32.693191, -80.28672 32.693237, -80.286721 32.693249, -80.286906 32.693947, -80.288631 32.694383, -80.28872899999999 32.695487, -80.29010199999999 32.69782, -80.290117 32.699412, -80.288746 32.703594, -80.288945 32.704096, -80.29302799999999 32.706091, -80.29296099999999 32.707855, -80.29213399999999 32.70794, -80.291112 32.708689, -80.28783199999999 32.71149, -80.286517 32.711802, -80.27435799999999 32.712414, -80.272536 32.712891, -80.27176899999999 32.713178, -80.267769 32.714721, -80.26708499999999 32.714981, -80.266992 32.716346, -80.267909 32.718366, -80.26840399999999 32.719466, -80.27144 32.726348, -80.27250099999999 32.728753, -80.27308699999999 32.730091, -80.274607 32.72987, -80.27507199999999 32.729803, -80.28055499999999 32.72903, -80.28145599999999 32.728903, -80.28308899999999 32.728674, -80.282918 32.729344, -80.276051 32.752719, -80.27372699999999 32.760901, -80.26844799999999 32.779471, -80.260622 32.788654, -80.256529 32.783913, -80.24576999999999 32.78786, -80.245069 32.787977, -80.18097399999999 32.780058, -80.179963 32.779981, -80.15778299999999 32.781003, -80.15659099999999 32.781065, -80.151342 32.781473, -80.148702 32.782841, -80.14847499999999 32.783048, -80.14790699999999 32.783654, -80.146801 32.785165, -80.14335299999999 32.790841, -80.13449 32.795951, -80.130978 32.793746, -80.131316 32.792386, -80.133657 32.790622, -80.133359 32.789924, -80.131367 32.787482, -80.124816 32.78232, -80.12143499999999 32.781095, -80.121038 32.780854, -80.12142899999999 32.779938, -80.12481699999999 32.778896, -80.12787899999999 32.776998, -80.133365 32.768397, -80.133281 32.765326, -80.131376 32.760584, -80.131252 32.758981, -80.131964 32.757843, -80.13467299999999 32.756115, -80.135891 32.754593, -80.13607399999999 32.752607, -80.137216 32.74867, -80.140637 32.747075, -80.14754499999999 32.747461, -80.15131 32.747958, -80.155475 32.749863, -80.15753599999999 32.749896, -80.15898 32.749812, -80.160438 32.749333, -80.162936 32.747904, -80.16391999999999 32.746632, -80.16474599999999 32.7444, -80.16539299999999 32.743833, -80.165673 32.743653, -80.16614899999999 32.743171, -80.16782099999999 32.741666, -80.17029599999999 32.738187, -80.17202999999999 32.734495, -80.16882199999999 32.731159, -80.16751499999999 32.725548, -80.166966 32.724139, -80.16402699999999 32.722657, -80.16384699999999 32.721858, -80.16431299999999 32.720103, -80.16652599999999 32.716836, -80.17018399999999 32.71259, -80.171346 32.710863, -80.17159099999999 32.707913, -80.174307 32.706812, -80.175952 32.706995, -80.17814 32.708165, -80.18044499999999 32.708824, -80.18588199999999 32.709404, -80.19058099999999 32.709232, -80.19538299999999 32.70651, -80.197423 32.704765, -80.20490099999999 32.70084, -80.207796 32.697466, -80.210459 32.696055, -80.21570299999999 32.697642, -80.218701 32.697094, -80.22211299999999 32.694375, -80.22218599999999 32.692431, -80.221603 32.687345, -80.224138 32.684868, -80.22719699999999 32.68344, -80.231037 32.682318, -80.23437899999999 32.680939, -80.239521 32.679966, -80.241068 32.67885, -80.24159499999999 32.677657, -80.241799 32.676019, -80.24035599999999 32.671877, -80.23849 32.669581, -80.237044 32.666665, -80.237582 32.661107, -80.238405 32.659253, -80.24061399999999 32.657588, -80.245553 32.655518, -80.24826299999999 32.654742, -80.255787 32.651149, -80.25995499999999 32.648994, -80.265807 32.644773, -80.263757 32.651966, -80.26323499999999 32.654726, -80.263361 32.657144, -80.265941 32.660009, -80.268907 32.66126, -80.270758 32.66146, -80.27629899999999 32.661258, -80.278988 32.661641, -80.28743999999999 32.666893, -80.291899 32.670466, -80.29396699999999 32.672648, -80.296267 32.676262, -80.300134 32.68422, -80.29950199999999 32.685433))",45019002502,6537,2863,3674,56.203151292641884,7077,3592,3485,49.24402995619613,7517,4476,3041,40.45496873752827,-6.9591213364457545,-8.789061218667861,-15.748182555113615
45,019,002606,1400000US45019002606,45019002606,26.06,CT,6336684,2030529,45019002606.0,"POLYGON ((-79.995435 32.809916, -79.995316 32.810306, -79.99278099999999 32.818837, -79.99236599999999 32.820204, -79.989662 32.828601, -79.987798 32.831682, -79.98588099999999 32.834811, -79.984607 32.836876, -79.97837899999999 32.834516, -79.97358 32.832758, -79.969758 32.831352, -79.96860099999999 32.830608, -79.967208 32.827597, -79.96661 32.824775, -79.96636099999999 32.812797, -79.97051499999999 32.803712, -79.972323 32.798624, -79.977986 32.7992, -79.98007 32.801654, -79.98350499999999 32.800506, -79.983684 32.7993, -79.98673599999999 32.797752, -79.98689 32.797773, -79.987089 32.798005, -79.987039 32.798291, -79.98675799999999 32.798702, -79.986616 32.799055, -79.98858799999999 32.799362, -79.989542 32.80066, -79.98819 32.801523, -79.989932 32.80388, -79.989937 32.806325, -79.993279 32.808969, -79.99536499999999 32.809883, -79.995435 32.809916))",45019002606,2297,2079,218,9.490639965171964,2101,1877,224,10.661589719181343,2237,2039,198,8.851139919535091,1.1709497540093796,-1.8104497996462516,-0.639500045636872
45,019,003105,1400000US45019003105,45019003105,31.05,CT,4938138,48398,45019003105.0,"POLYGON ((-80.04871799999999 32.920243, -80.047073 32.920851, -80.042165 32.920826, -80.03981399999999 32.920812, -80.037351 32.920793, -80.037035 32.920791, -80.03539599999999 32.920788, -80.033929 32.920773, -80.03009 32.920754, -80.02963799999999 32.920483, -80.02909799999999 32.919566, -80.027779 32.917342, -80.026129 32.91454, -80.025947 32.914735, -80.02285499999999 32.919396, -80.02318 32.921101, -80.021829 32.918588, -80.01720499999999 32.910037, -80.014168 32.904356, -80.011774 32.899881, -80.019274 32.89789, -80.020009 32.897816, -80.023933 32.899149, -80.025302 32.899003, -80.02794799999999 32.897565, -80.030368 32.90028, -80.038752 32.909007, -80.040853 32.908551, -80.045328 32.914462, -80.044282 32.915014, -80.047831 32.919294, -80.04871799999999 32.920243))",45019003105,3291,1514,1777,53.995745973868125,4012,1282,2730,68.04586241276172,3865,1927,1938,50.14230271668823,14.050116438893596,-17.903559696073494,-3.8534432571798973
45,019,003108,1400000US45019003108,45019003108,31.08,CT,6562185,0,45019003108.0,"POLYGON ((-80.08912099999999 32.905633, -80.084694 32.915785, -80.080963 32.923701, -80.08076 32.924134, -80.080094 32.926433, -80.079559 32.926683, -80.079055 32.926933, -80.076899 32.927788, -80.072574 32.92945, -80.06422999999999 32.931343, -80.05896899999999 32.93122, -80.054658 32.926601, -80.054851 32.926493, -80.057683 32.925469, -80.05734699999999 32.925085, -80.060531 32.923229, -80.058115 32.919821, -80.059011 32.919846, -80.06357799999999 32.916932, -80.059585 32.91195, -80.063349 32.911297, -80.063622 32.908356, -80.069783 32.903893, -80.068752 32.90132, -80.075014 32.89811, -80.07728299999999 32.900893, -80.080125 32.902566, -80.08547399999999 32.904522, -80.08912099999999 32.905633))",45019003108,1879,998,881,46.88664183076104,2846,813,2033,71.43359100491918,3290,913,2377,72.24924012158056,24.546949174158136,0.8156491166613762,25.362598290819513
45,019,003110,1400000US45019003110,45019003110,31.10,CT,4642253,368669,45019003110.0,"POLYGON ((-80.079256 32.874258, -80.07730000000001 32.877828, -80.078225 32.878275, -80.07587599999999 32.882612, -80.07536399999999 32.882893, -80.07372699999999 32.883827, -80.072693 32.88477, -80.07167699999999 32.885167, -80.070414 32.88569, -80.06915599999999 32.886188, -80.068597 32.886358, -80.067527 32.886716, -80.06686499999999 32.885612, -80.064864 32.881097, -80.064517 32.880703, -80.05570299999999 32.871054, -80.05481499999999 32.870071, -80.051766 32.866321, -80.0515 32.866022, -80.05034599999999 32.864729, -80.04988899999999 32.864217, -80.046814 32.860806, -80.046128 32.860044, -80.04486899999999 32.858647, -80.042553 32.856438, -80.041123 32.855815, -80.03953799999999 32.85551, -80.03875599999999 32.855487, -80.03734 32.855665, -80.03512099999999 32.856443, -80.032533 32.857442, -80.030963 32.857698, -80.028346 32.857395, -80.025397 32.856058, -80.026067 32.855822, -80.029026 32.854941, -80.03182099999999 32.854409, -80.035094 32.853884, -80.03648699999999 32.85366, -80.038793 32.853286, -80.043284 32.852512, -80.04641199999999 32.851074, -80.05027 32.84749, -80.051507 32.848563, -80.052745 32.850151, -80.05608699999999 32.855224, -80.05666099999999 32.856011, -80.05805199999999 32.857921, -80.05942 32.861428, -80.060097 32.865087, -80.062296 32.867362, -80.063503 32.869243, -80.064438 32.870186, -80.06720399999999 32.871382, -80.07655199999999 32.873249, -80.07848799999999 32.873905, -80.079256 32.874258))",45019003110,6436,3404,3032,47.11000621504039,6535,2476,4059,62.11170619739862,7604,3205,4399,57.85113098369279,15.001699982358225,-4.2605752137058275,10.741124768652398
45,019,003113,1400000US45019003113,45019003113,31.13,CT,6466486,14464,45019003113.0,"POLYGON ((-80.08374599999999 32.961477, -80.08347599999999 32.9627, -80.08315 32.977786, -80.082359 32.98035, -80.081497 32.983955, -80.08009299999999 32.985672, -80.078272 32.983118, -80.077046 32.979014, -80.075643 32.971523, -80.075136 32.968569, -80.07424899999999 32.965382, -80.07289299999999 32.962828, -80.07243799999999 32.962174, -80.07175199999999 32.961312, -80.071292 32.960801, -80.054227 32.944936, -80.052875 32.943523, -80.050763 32.940769, -80.047952 32.93582, -80.047462 32.934912, -80.051857 32.933908, -80.053597 32.933114, -80.05407599999999 32.932891, -80.05711699999999 32.931487, -80.05896899999999 32.93122, -80.071264 32.944405, -80.084459 32.9586, -80.08374599999999 32.961477))",45019003113,2539,1280,1259,49.58645135880268,2772,1266,1506,54.32900432900433,3175,1582,1593,50.17322834645669,4.7425529702016505,-4.155775982547638,0.5867769876540123
45,019,003300,1400000US45019003300,45019003300,33,CT,4780462,0,45019003300.0,"POLYGON ((-80.025302 32.899003, -80.023933 32.899149, -80.020009 32.897816, -80.019274 32.89789, -80.011774 32.899881, -80.00803499999999 32.892881, -80.00698299999999 32.890906, -80.004379 32.88603, -80.00150000000001 32.887322, -79.99732399999999 32.885404, -79.99614199999999 32.887764, -79.994338 32.887394, -79.99235899999999 32.88535, -79.992705 32.881304, -79.99261799999999 32.877318, -79.99614799999999 32.876266, -79.994444 32.873348, -79.99554599999999 32.872423, -79.996212 32.872695, -79.99745 32.873047, -79.991984 32.862727, -79.99597299999999 32.865901, -79.99738599999999 32.865843, -79.997692 32.865753, -80.016723 32.886012, -80.022114 32.891678, -80.02243399999999 32.891502, -80.02794799999999 32.897565, -80.025302 32.899003))",45019003300,4057,915,3142,77.44638895735764,3871,705,3166,81.7876517695686,3886,1313,2573,66.21204323211528,4.341262812210957,-15.57560853745332,-11.234345725242363
45,019,003500,1400000US45019003500,45019003500,35,CT,2685377,0,45019003500.0,"POLYGON ((-80.004729 32.892226, -80.000682 32.893332, -79.996377 32.894267, -79.985564 32.894066, -79.980065 32.893435, -79.97971799999999 32.886204, -79.979145 32.883223, -79.97797 32.883247, -79.97793799999999 32.881511, -79.980183 32.881485, -79.98338 32.881431, -79.98383199999999 32.881607, -79.984112 32.88215, -79.98544799999999 32.882588, -79.986839 32.881311, -79.992705 32.881304, -79.99235899999999 32.88535, -79.994338 32.887394, -79.99614199999999 32.887764, -79.99732399999999 32.885404, -80.00150000000001 32.887322, -80.004379 32.88603, -80.00698299999999 32.890906, -80.004729 32.892226))",45019003500,3223,2111,1112,34.50201675457648,2681,2064,617,23.013800820589335,2826,2449,377,13.340410474168435,-11.488215933987146,-9.6733903464209,-21.161606280408044
45,019,003800,1400000US45019003800,45019003800,38,CT,2451508,0,45019003800.0,"POLYGON ((-80.01414699999999 32.855122, -80.011528 32.859652, -80.011358 32.860996, -80.00036999999999 32.864911, -79.998554 32.865453, -79.997692 32.865753, -79.99738599999999 32.865843, -79.99597299999999 32.865901, -79.991984 32.862727, -79.988265 32.856157, -79.986437 32.854527, -79.985761 32.854115, -79.98142899999999 32.852746, -79.981568 32.852638, -79.98569499999999 32.852939, -79.987515 32.853062, -79.989358 32.853183, -79.98938299999999 32.853187, -79.98944299999999 32.853194, -79.989527 32.853204, -79.98962299999999 32.853215, -79.989683 32.853223, -79.98977499999999 32.853228, -79.994518 32.853489, -79.99685099999999 32.853571, -79.99779599999999 32.853608, -80.00017199999999 32.853692, -80.00531199999999 32.853874, -80.005675 32.853887, -80.005833 32.853893, -80.011079 32.854076, -80.014056 32.854188, -80.01414699999999 32.855122))",45019003800,3435,951,2484,72.31441048034935,3306,528,2778,84.0290381125227,3301,624,2677,81.09663738261132,11.714627632173347,-2.932400729911379,8.782226902261968
45,019,003900,1400000US45019003900,45019003900,39,CT,8455842,2164878,45019003900.0,"POLYGON ((-80.05027 32.84749, -80.04641199999999 32.851074, -80.043284 32.852512, -80.038793 32.853286, -80.03648699999999 32.85366, -80.035094 32.853884, -80.03182099999999 32.854409, -80.029026 32.854941, -80.026067 32.855822, -80.025397 32.856058, -80.02253499999999 32.857098, -80.011358 32.860996, -80.011528 32.859652, -80.01414699999999 32.855122, -80.014056 32.854188, -80.011079 32.854076, -80.005833 32.853893, -80.005675 32.853887, -80.00531199999999 32.853874, -80.00017199999999 32.853692, -79.99779599999999 32.853608, -79.99685099999999 32.853571, -79.99619299999999 32.847068, -79.993146 32.846813, -79.99199899999999 32.846769, -79.991917 32.845948, -79.98811099999999 32.837275, -79.993555 32.836271, -80.00308299999999 32.832767, -80.00689799999999 32.830458, -80.013041 32.826744, -80.01478399999999 32.827964, -80.01754699999999 32.829876, -80.022268 32.833798, -80.024721 32.834933, -80.024953 32.835082, -80.03045999999999 32.837813, -80.035793 32.842425, -80.03791699999999 32.844651, -80.03877799999999 32.846218, -80.03881899999999 32.846735, -80.040644 32.847786, -80.046818 32.846256, -80.048524 32.846329, -80.05027 32.84749))",45019003900,4129,1630,2499,60.52312908694599,4047,1613,2434,60.14331603657029,5662,2211,3451,60.95019427764041,-0.37981305037570223,0.8068782410701232,0.42706519069442095
45,019,004300,1400000US45019004300,45019004300,43,CT,1868077,19792,45019004300.0,"POLYGON ((-79.978298 32.852442, -79.974777 32.852207, -79.97344799999999 32.853865, -79.97118999999999 32.856661, -79.971109 32.856766, -79.96964899999999 32.85857, -79.96836399999999 32.85944, -79.966623 32.857735, -79.96567 32.856527, -79.965041 32.855965, -79.96244999999999 32.853003, -79.960078 32.850154, -79.95968499999999 32.849812, -79.95916099999999 32.849393, -79.958944 32.849198, -79.958693 32.848937, -79.95812599999999 32.848182, -79.95764699999999 32.847174, -79.956468 32.842318, -79.957137 32.842009, -79.96059799999999 32.840293, -79.962661 32.839988, -79.963815 32.841307, -79.964952 32.841841, -79.96690699999999 32.844002, -79.96914699999999 32.846463, -79.97294599999999 32.850113, -79.97859 32.851828, -79.978298 32.852442))",45019004300,3122,225,2897,92.79308135810378,2542,180,2362,92.918961447679,2623,411,2212,84.3309187952726,0.1258800895752188,-8.5880426524064,-8.462162562831182
45,019,004606,1400000US45019004606,45019004606,46.06,CT,10704281,2755173,45019004606.0,"POLYGON ((-79.91565399999999 32.803658, -79.91537799999999 32.812369, -79.91287199999999 32.817507, -79.911304 32.819324, -79.90834 32.822475, -79.906108 32.823244, -79.90186299999999 32.825249, -79.89900999999999 32.827534, -79.897758 32.828911, -79.89671 32.830472, -79.89523 32.828255, -79.890973 32.824133, -79.88967099999999 32.824171, -79.88629899999999 32.82769, -79.884209 32.826218, -79.88007399999999 32.828217, -79.878372 32.828247, -79.878006 32.825306, -79.876724 32.825367, -79.875496 32.825602, -79.872877 32.826307, -79.871904 32.826234, -79.86859299999999 32.825273, -79.86744299999999 32.824427, -79.86670099999999 32.823995, -79.864845 32.824774, -79.86308199999999 32.82776, -79.863146 32.82869, -79.862594 32.830455, -79.86223699999999 32.831002, -79.85945699999999 32.831748, -79.85786999999999 32.833639, -79.85730599999999 32.833756, -79.85676099999999 32.833264, -79.85640099999999 32.832643, -79.85420599999999 32.833111, -79.85337899999999 32.83391599999999, -79.85212299999999 32.830695, -79.84946699999999 32.82376, -79.84836 32.821501, -79.847199 32.820667, -79.84650000000001 32.820425, -79.843462 32.819769, -79.84329199999999 32.8196, -79.84563 32.816955, -79.84644399999999 32.815988, -79.847397 32.815113, -79.84965799999999 32.813987, -79.84968099999999 32.813757, -79.850365 32.813818, -79.85587799999999 32.812935, -79.86792 32.810983, -79.870161 32.81047, -79.883073 32.806829, -79.887928 32.80545, -79.889342 32.80503, -79.89103999999999 32.804385, -79.89315499999999 32.803432, -79.89644199999999 32.802073, -79.900448 32.801114, -79.903046 32.801161, -79.91573099999999 32.802914, -79.91565399999999 32.803658))",45019004606,7232,6083,1149,15.887721238938052,8776,7645,1131,12.887420237010028,9208,7599,1609,17.473935708079928,-3.0003010019280243,4.5865154710699,1.5862144691418756
45,019,004607,1400000US45019004607,45019004607,46.07,CT,6957994,3283708,45019004607.0,"POLYGON ((-79.91687 32.791073, -79.91643999999999 32.79617, -79.91573099999999 32.802914, -79.903046 32.801161, -79.900448 32.801114, -79.89644199999999 32.802073, -79.89315499999999 32.803432, -79.89103999999999 32.804385, -79.889342 32.80503, -79.887928 32.80545, -79.883073 32.806829, -79.870161 32.81047, -79.86792 32.810983, -79.85587799999999 32.812935, -79.850365 32.813818, -79.84968099999999 32.813757, -79.849447 32.813804, -79.849582 32.812756, -79.849614 32.812474, -79.849817 32.810634, -79.85014699999999 32.809383, -79.85108099999999 32.807703, -79.85175799999999 32.810178, -79.85458 32.811889, -79.85775099999999 32.809693, -79.85882599999999 32.807575, -79.861092 32.806175, -79.860817 32.805099, -79.86373399999999 32.803793, -79.865791 32.80357, -79.866432 32.801189, -79.868786 32.800906, -79.86904299999999 32.79953, -79.873316 32.79975, -79.87497999999999 32.796222, -79.875868 32.793609, -79.877578 32.793436, -79.880116 32.793732, -79.88094599999999 32.792922, -79.88382799999999 32.79057, -79.88633399999999 32.789287, -79.8872337203167 32.7876479142039, -79.89122999999999 32.786808, -79.900024 32.78531, -79.90608499999999 32.78481, -79.9171598496776 32.7828704613753, -79.91687 32.791073))",45019004607,5564,5337,227,4.0797987059669305,5227,4954,273,5.222881193801416,5531,5142,389,7.033086241186043,1.1430824878344854,1.8102050473846267,2.953287535219112
45,019,004800,1400000US45019004800,45019004800,48,CT,6665116,14805547,45019004800.0,"POLYGON ((-79.8652953081187 32.7678712357223, -79.86514820703358 32.7681186487556, -79.862736 32.766725, -79.861502 32.766437, -79.852367 32.768608, -79.84219299999999 32.772987, -79.840424 32.773909, -79.83884599999999 32.774512, -79.83046499999999 32.778029, -79.82481 32.780401, -79.80874899999999 32.787072, -79.808109 32.78688, -79.80783699999999 32.78416, -79.80815699999999 32.782096, -79.809629 32.779216, -79.812557 32.777152, -79.8125100660219 32.7748013150029, -79.81398399999999 32.774819, -79.81451299999999 32.770448, -79.818237 32.766352, -79.8224346639071 32.76369640983189, -79.823246 32.763977, -79.82746299999999 32.763355, -79.830332 32.762601, -79.83479299999999 32.760337, -79.838621 32.757954, -79.83995516969181 32.756958455103, -79.84035 32.756816, -79.84879699999999 32.75363, -79.854703 32.754878, -79.862709 32.761528, -79.866393 32.766025, -79.8652953081187 32.7678712357223))",45019004800,1911,1874,37,1.9361590790162218,1791,1762,29,1.619207146845338,2049,2005,44,2.1473889702293802,-0.3169519321708838,0.5281818233840423,0.2112298912131585
45,019,000700,1400000US45019000700,45019000700,7,CT,721959,0,45019000700.0,"POLYGON ((-79.943702 32.791918, -79.94182699999999 32.793789, -79.93860699999999 32.795325, -79.93731699999999 32.79286, -79.936994 32.79226, -79.935436 32.791988, -79.934074 32.789899, -79.933762 32.789461, -79.931676 32.78784, -79.93189699999999 32.787746, -79.93426199999999 32.786692, -79.937708 32.785308, -79.93938399999999 32.784714, -79.940956 32.784378, -79.941867 32.78606, -79.94330000000001 32.787682, -79.941316 32.788191, -79.94313199999999 32.790919, -79.943702 32.791918))",45019000700,3059,2327,732,23.929388689114088,3504,2889,615,17.5513698630137,3165,2287,878,27.74091627172196,-6.378018826100387,10.18954640870826,3.811527582607873
45,019,001000,1400000US45019001000,45019001000,10,CT,453148,0,45019001000.0,"POLYGON ((-79.9486 32.793048, -79.946366 32.794677, -79.94336199999999 32.795641, -79.94283899999999 32.795085, -79.93926999999999 32.796619, -79.93860699999999 32.795325, -79.94182699999999 32.793789, -79.943702 32.791918, -79.94313199999999 32.790919, -79.941316 32.788191, -79.94330000000001 32.787682, -79.94583 32.786992, -79.947305 32.790228, -79.94793 32.791562, -79.9486 32.793048))",45019001000,1890,613,1277,67.56613756613757,2249,1509,740,32.9035126722988,2267,1488,779,34.36259373621526,-34.66262489383877,1.4590810639164573,-33.20354382992231
45,019,001600,1400000US45019001600,45019001600,16,CT,841451,308080,45019001600.0,"POLYGON ((-79.96636099999999 32.812797, -79.96033799999999 32.812449, -79.95764899999999 32.812384, -79.95488999999999 32.812403, -79.95510899999999 32.810406, -79.954138 32.805886, -79.95620099999999 32.805517, -79.956819 32.805318, -79.956588 32.804354, -79.959896 32.803596, -79.964128 32.804667, -79.97051499999999 32.803712, -79.96636099999999 32.812797))",45019001600,1776,357,1419,79.89864864864865,1347,686,661,49.072011878247956,1688,1206,482,28.554502369668246,-30.82663677040069,-20.51750950857971,-51.3441462789804
45,019,001902,1400000US45019001902,45019001902,19.02,CT,8267043,936902,45019001902.0,"POLYGON ((-79.98347299999999 32.750975, -79.983186 32.754256, -79.98264899999999 32.758671, -79.98252599999999 32.75964, -79.98210899999999 32.762782, -79.980935 32.762766, -79.975781 32.762694, -79.974491 32.763384, -79.974046 32.766382, -79.972864 32.766448, -79.97005899999999 32.767412, -79.963753 32.768125, -79.94947499999999 32.773664, -79.94336799999999 32.768434, -79.94091499999999 32.764512, -79.94259799999999 32.761062, -79.94393199999999 32.759262, -79.943635 32.755396, -79.943895 32.75441199999999, -79.94445999999999 32.753812, -79.949983 32.751537, -79.95014399999999 32.750746, -79.94815699999999 32.747239, -79.94814599999999 32.745775, -79.948651 32.745372, -79.950806 32.745271, -79.95121 32.744904, -79.952203 32.745125, -79.952398 32.745597, -79.95752999999999 32.747037, -79.959542 32.74630000000001, -79.96378899999999 32.746368, -79.966949 32.747714, -79.966914 32.745585, -79.971403 32.744534, -79.971559 32.744457, -79.971728 32.744292, -79.971884 32.744066, -79.971982 32.743825, -79.971975 32.743374, -79.972122 32.743216, -79.97343599999999 32.742469, -79.97349699999999 32.742466, -79.97401099999999 32.742378, -79.97544599999999 32.741418, -79.977498 32.741129, -79.97905799999999 32.739348, -79.979174 32.740126, -79.98011 32.741219, -79.98056099999999 32.741545, -79.980693 32.741766, -79.9807 32.7422, -79.980661 32.742305, -79.98046599999999 32.742376, -79.980706 32.742508, -79.981123 32.742354, -79.981337 32.742453, -79.98154599999999 32.74281, -79.98146799999999 32.743102, -79.98138399999999 32.74353, -79.982947 32.744428, -79.98240699999999 32.745079, -79.981314 32.745626, -79.981359 32.745714, -79.98318999999999 32.750149, -79.98347299999999 32.750975))",45019001902,3799,2911,888,23.374572255856805,4315,3428,887,20.55619930475087,4499,3545,954,21.20471215825739,-2.8183729511059354,0.6485128535065208,-2.1698600975994147
45,019,002004,1400000US45019002004,45019002004,20.04,CT,6565774,2646184,45019002004.0,"POLYGON ((-79.992952 32.628656, -79.98622899999999 32.63442, -79.98347699999999 32.636468, -79.98061299999999 32.639444, -79.974757 32.644244, -79.972661 32.645748, -79.968644 32.64738, -79.96258 32.650451, -79.959796 32.652371, -79.954452 32.658083, -79.953599 32.658893, -79.95220999999999 32.659716, -79.94685199999999 32.660937, -79.943592 32.661369, -79.940527 32.661962, -79.93361899999999 32.664883, -79.929491 32.665939, -79.925539 32.667251, -79.92313799999999 32.668419, -79.91913799999999 32.668819, -79.91740999999999 32.669491, -79.914514 32.671459, -79.91029 32.672931, -79.91042299999999 32.673531, -79.91321599999999 32.674358, -79.91407799999999 32.675144, -79.914536 32.679249, -79.91287199999999 32.678741, -79.910904 32.679001, -79.906685 32.678902, -79.90184099999999 32.679379, -79.901313 32.679667, -79.900881 32.682498, -79.899681 32.684082, -79.901425 32.684914, -79.90176099999999 32.686306, -79.898961 32.688546, -79.897041 32.688274, -79.89604899999999 32.688882, -79.89756899999999 32.693186, -79.89929699999999 32.696802, -79.898337 32.697714, -79.896209 32.696962, -79.888913 32.690738, -79.8880240424747 32.6902089866175, -79.88802199999999 32.687645, -79.885582 32.684868, -79.887085 32.683049, -79.89351034456129 32.67897454469789, -79.91568199999999 32.664915, -79.91813127821091 32.6638171650221, -79.9377141989436 32.65503955239519, -79.940004776378 32.6540128515426, -79.94375699999999 32.652331, -79.95802499999999 32.646163, -79.970021 32.640524, -79.974299 32.641024, -79.9753865576846 32.6393832271707, -79.983216 32.631877, -79.982845 32.630871, -79.98307996725109 32.6297343721167, -79.9855676498247 32.6275648019973, -79.988905 32.625931, -79.989823 32.623405, -79.99002999999999 32.622837, -79.994643 32.627184, -79.992952 32.628656))",45019002004,1879,1845,34,1.8094731240021287,2011,1950,61,3.0333167578319244,2016,1946,70,3.4722222222222223,1.2238436338297958,0.4389054643902979,1.6627490982200936
45,019,002006,1400000US45019002006,45019002006,20.06,CT,4742403,142862,45019002006.0,"POLYGON ((-79.95485699999999 32.739639, -79.95428199999999 32.74104, -79.95328499999999 32.741756, -79.95214299999999 32.743557, -79.95211499999999 32.743961, -79.95288599999999 32.744471, -79.952203 32.745125, -79.95121 32.744904, -79.950806 32.745271, -79.948651 32.745372, -79.94814599999999 32.745775, -79.94815699999999 32.747239, -79.95014399999999 32.750746, -79.94685299999999 32.750139, -79.94592 32.749731, -79.944422 32.748514, -79.94401499999999 32.74817, -79.942009 32.746498, -79.94145 32.746034, -79.94088499999999 32.745561, -79.938469 32.743576, -79.93782299999999 32.743174, -79.93653399999999 32.742635, -79.933404 32.742283, -79.93164299999999 32.742188, -79.927643 32.741954, -79.925703 32.741843, -79.922433 32.741787, -79.922084 32.741786, -79.920446 32.7418, -79.919247 32.741733, -79.91827499999999 32.741626, -79.915386 32.741304, -79.91655999999999 32.740246, -79.91711599999999 32.739984, -79.91828 32.739698, -79.920675 32.73905, -79.92111799999999 32.738815, -79.92758599999999 32.730863, -79.929255 32.730507, -79.930216 32.730462, -79.931057 32.730417, -79.933797 32.730207, -79.93535899999999 32.729509, -79.937095 32.728675, -79.93984999999999 32.727333, -79.94053199999999 32.726845, -79.94210099999999 32.725795, -79.94821899999999 32.723514, -79.950328 32.722867, -79.95030299999999 32.722946, -79.94876099999999 32.726286, -79.948747 32.726315, -79.94843999999999 32.72696, -79.946372 32.731304, -79.94632899999999 32.731401, -79.95063399999999 32.734426, -79.952499 32.734905, -79.953941 32.735538, -79.953087 32.736973, -79.955917 32.739109, -79.95485699999999 32.739639))",45019002006,4221,3301,920,21.79578298981284,4599,3701,898,19.525983909545552,5034,4058,976,19.388160508541915,-2.269799080267287,-0.13782340100363655,-2.4076224812709235
45,019,002007,1400000US45019002007,45019002007,20.07,CT,5112052,3464598,45019002007.0,"POLYGON ((-79.949983 32.751537, -79.94445999999999 32.753812, -79.943895 32.75441199999999, -79.943635 32.755396, -79.94393199999999 32.759262, -79.94259799999999 32.761062, -79.94091499999999 32.764512, -79.936195 32.763105, -79.928686681244 32.7630344442139, -79.928546 32.754233, -79.92682184178379 32.7538461282985, -79.923198 32.753033, -79.9184026168747 32.75431690445119, -79.917969 32.754433, -79.91686960969101 32.7540804900813, -79.915474 32.753633, -79.90947187510389 32.75179756361219, -79.90893699999999 32.751634, -79.90763228579279 32.7515341876164, -79.9050695041657 32.751338131391, -79.901094 32.751034, -79.899074 32.753333, -79.89861002736428 32.7529949739463, -79.898506 32.751318, -79.899226 32.750549, -79.905068 32.748261, -79.90754299999999 32.74693, -79.909474 32.745853, -79.90955599999999 32.745792, -79.912561 32.743497, -79.915386 32.741304, -79.91827499999999 32.741626, -79.919247 32.741733, -79.920446 32.7418, -79.922084 32.741786, -79.922433 32.741787, -79.925703 32.741843, -79.927643 32.741954, -79.93164299999999 32.742188, -79.933404 32.742283, -79.93653399999999 32.742635, -79.93782299999999 32.743174, -79.938469 32.743576, -79.94088499999999 32.745561, -79.94145 32.746034, -79.942009 32.746498, -79.94401499999999 32.74817, -79.944422 32.748514, -79.94592 32.749731, -79.94685299999999 32.750139, -79.95014399999999 32.750746, -79.949983 32.751537))",45019002007,3090,3048,42,1.3592233009708738,3311,3218,93,2.8088190878888555,3762,3638,124,3.29611908559277,1.4495957869179816,0.4872999977039143,1.936895784621896
45,019,002400,1400000US45019002400,45019002400,24,CT,312483551,11341742,45019002400.0,"POLYGON ((-80.453232 32.741639, -80.449105 32.746168, -80.44838799999999 32.747539, -80.448607 32.750178, -80.449483 32.75312, -80.44930699999999 32.75772, -80.44677799999999 32.763824, -80.44601 32.764804, -80.44467399999999 32.765226, -80.441788 32.764814, -80.43925299999999 32.765909, -80.436667 32.769609, -80.43658499999999 32.77035, -80.438216 32.771237, -80.438625 32.772235, -80.43600599999999 32.774225, -80.432667 32.779381, -80.432113 32.782385, -80.43266899999999 32.783676, -80.435692 32.787407, -80.435777 32.787917, -80.432768 32.789811, -80.429976 32.793323, -80.42820399999999 32.794783, -80.426481 32.797569, -80.425022 32.798121, -80.422304 32.798114, -80.420535 32.798921, -80.41852299999999 32.802655, -80.418278 32.805038, -80.41651499999999 32.804716, -80.415702 32.80254, -80.414997 32.802402, -80.41456099999999 32.807854, -80.413584 32.808862, -80.41154899999999 32.808999, -80.407479 32.811106, -80.405681 32.814315, -80.404003 32.819063, -80.404195 32.823241, -80.403414 32.825127, -80.400678 32.827946, -80.39907699999999 32.831226, -80.39935 32.835654, -80.396952 32.837315, -80.395788 32.840157, -80.396845 32.841658, -80.39613299999999 32.842908, -80.39425799999999 32.844576, -80.395247 32.845673, -80.398157 32.845142, -80.399548 32.845679, -80.39955399999999 32.848223, -80.40084299999999 32.851504, -80.40133999999999 32.858466, -80.38764999999999 32.857182, -80.38619799999999 32.857218, -80.31193999999999 32.851484, -80.30280399999999 32.852019, -80.301688 32.851903, -80.299622 32.851418, -80.29207599999999 32.84886, -80.28448 32.846329, -80.270804 32.814938, -80.26972499999999 32.809422, -80.26988899999999 32.802131, -80.26969099999999 32.800169, -80.269527 32.799855, -80.260622 32.788654, -80.26844799999999 32.779471, -80.27372699999999 32.760901, -80.276051 32.752719, -80.282918 32.729344, -80.28308899999999 32.728674, -80.28145599999999 32.728903, -80.28055499999999 32.72903, -80.27507199999999 32.729803, -80.274607 32.72987, -80.27308699999999 32.730091, -80.27250099999999 32.728753, -80.27144 32.726348, -80.26840399999999 32.719466, -80.267909 32.718366, -80.266992 32.716346, -80.26708499999999 32.714981, -80.267769 32.714721, -80.27176899999999 32.713178, -80.272536 32.712891, -80.27435799999999 32.712414, -80.286517 32.711802, -80.28783199999999 32.71149, -80.291112 32.708689, -80.29213399999999 32.70794, -80.29296099999999 32.707855, -80.29302799999999 32.706091, -80.288945 32.704096, -80.288746 32.703594, -80.290117 32.699412, -80.29010199999999 32.69782, -80.28872899999999 32.695487, -80.288631 32.694383, -80.286906 32.693947, -80.286721 32.693249, -80.28672 32.693237, -80.286716 32.693191, -80.286474 32.690122, -80.28702799999999 32.689261, -80.290559 32.687977, -80.294451 32.688481, -80.295571 32.688223, -80.29950199999999 32.685433, -80.300134 32.68422, -80.296267 32.676262, -80.29396699999999 32.672648, -80.291899 32.670466, -80.28743999999999 32.666893, -80.278988 32.661641, -80.27629899999999 32.661258, -80.270758 32.66146, -80.268907 32.66126, -80.265941 32.660009, -80.263361 32.657144, -80.26323499999999 32.654726, -80.263757 32.651966, -80.265807 32.644773, -80.26990000000001 32.633458, -80.27132 32.625182, -80.27121199999999 32.625076, -80.277547 32.623472, -80.28570000000001 32.622368, -80.29202599999999 32.623572, -80.29639499999999 32.624584, -80.30047499999999 32.627189, -80.30216799999999 32.627656, -80.309584 32.630578, -80.31267 32.631263, -80.315821 32.631261, -80.31788399999999 32.632059, -80.318609 32.633916, -80.31771999999999 32.635777, -80.31271099999999 32.638919, -80.31336499999999 32.641164, -80.31656199999999 32.642237, -80.32256599999999 32.645084, -80.32428999999999 32.6455, -80.32599599999999 32.64493, -80.32613099999999 32.642998, -80.324589 32.64074799999999, -80.324381 32.639663, -80.32557899999999 32.637496, -80.328413 32.635851, -80.33429 32.638098, -80.33623399999999 32.638475, -80.33834999999999 32.637923, -80.34017999999999 32.636813, -80.34312899999999 32.635684, -80.34612899999999 32.635486, -80.348793 32.636386, -80.348878 32.638294, -80.347054 32.640173, -80.343931 32.642004, -80.34388899999999 32.643265, -80.347331 32.646554, -80.348483 32.646918, -80.34991099999999 32.643734, -80.351535 32.643647, -80.35163299999999 32.647982, -80.352936 32.648476, -80.35488599999999 32.646508, -80.357823 32.64508, -80.360439 32.645049, -80.36175999999999 32.647564, -80.36362199999999 32.647608, -80.36670099999999 32.64627, -80.36820299999999 32.646927, -80.36931799999999 32.64805, -80.36869399999999 32.650229, -80.366281 32.65179, -80.36515799999999 32.654257, -80.36646499999999 32.655268, -80.370847 32.65735, -80.37222799999999 32.657658, -80.373521 32.657311, -80.37420299999999 32.655973, -80.374555 32.653348, -80.37524999999999 32.651769, -80.376649 32.651564, -80.37937699999999 32.652654, -80.38151499999999 32.655496, -80.38364399999999 32.656941, -80.386619 32.655845, -80.38940099999999 32.65282, -80.39042999999999 32.654956, -80.39484499999999 32.654908, -80.40328199999999 32.651622, -80.40578499999999 32.652999, -80.413158 32.660512, -80.420271 32.669604, -80.421097 32.672685, -80.41824699999999 32.678472, -80.417638 32.67971, -80.41894099999999 32.683282, -80.42270099999999 32.6863, -80.42239699999999 32.689042, -80.41650199999999 32.692212, -80.416133 32.695292, -80.41757699999999 32.698987, -80.419939 32.704077, -80.423294 32.708761, -80.422952 32.714757, -80.424611 32.715888, -80.42708399999999 32.715584, -80.42954899999999 32.713301, -80.431934 32.712092, -80.433757 32.712239, -80.435767 32.713075, -80.43587099999999 32.715023, -80.434423 32.716642, -80.430797 32.718197, -80.429304 32.719662, -80.431281 32.722582, -80.435737 32.723954, -80.43869099999999 32.725401, -80.446077 32.727477, -80.448357 32.729641, -80.448584 32.73260000000001, -80.45362999999999 32.7399, -80.453232 32.741639))",45019002400,4730,1470,3260,68.92177589852008,4514,1651,2863,63.424900310146214,5013,2136,2877,57.390783961699576,-5.496875588373868,-6.034116348446638,-11.530991936820506
45,019,002605,1400000US45019002605,45019002605,26.05,CT,3737417,98638,45019002605.0,"POLYGON ((-80.008961 32.807031, -79.997242 32.814719, -79.99457799999999 32.816488, -79.99278099999999 32.818837, -79.995316 32.810306, -79.995435 32.809916, -79.99536499999999 32.809883, -79.993279 32.808969, -79.989937 32.806325, -79.989932 32.80388, -79.98819 32.801523, -79.989542 32.80066, -79.98858799999999 32.799362, -79.986616 32.799055, -79.98675799999999 32.798702, -79.987039 32.798291, -79.987089 32.798005, -79.98689 32.797773, -79.98673599999999 32.797752, -79.983684 32.7993, -79.98350499999999 32.800506, -79.98007 32.801654, -79.977986 32.7992, -79.972323 32.798624, -79.972022 32.797004, -79.985422 32.79433, -79.99494199999999 32.792788, -79.99720499999999 32.792317, -79.999996 32.791888, -80.001746 32.797315, -80.00174 32.797883, -80.006055 32.798665, -80.00634699999999 32.799572, -80.00724099999999 32.802203, -80.007537 32.803023, -80.007571 32.803117, -80.007847 32.803887, -80.008668 32.806214, -80.008961 32.807031))",45019002605,4104,2481,1623,39.546783625730995,3894,2099,1795,46.09655880842322,3802,1973,1829,48.10625986322988,6.549775182692223,2.009701054806662,8.559476237498885
45,019,003104,1400000US45019003104,45019003104,31.04,CT,5043316,0,45019003104.0,"POLYGON ((-80.05711699999999 32.931487, -80.05407599999999 32.932891, -80.053597 32.933114, -80.051857 32.933908, -80.047462 32.934912, -80.047392 32.934927, -80.04260699999999 32.935979, -80.03932999999999 32.937027, -80.03942499999999 32.937267, -80.04007399999999 32.940481, -80.040081 32.940531, -80.04008899999999 32.940576, -80.040269 32.944536, -80.03987699999999 32.944678, -80.036557 32.946057, -80.035032 32.943269, -80.03378699999999 32.940953, -80.026386 32.927207, -80.026321 32.926803, -80.023318 32.921434, -80.02318 32.921101, -80.02285499999999 32.919396, -80.025947 32.914735, -80.026129 32.91454, -80.027779 32.917342, -80.02909799999999 32.919566, -80.02963799999999 32.920483, -80.03009 32.920754, -80.033929 32.920773, -80.03539599999999 32.920788, -80.037035 32.920791, -80.037351 32.920793, -80.03981399999999 32.920812, -80.042165 32.920826, -80.047073 32.920851, -80.04871799999999 32.920243, -80.054851 32.926493, -80.054658 32.926601, -80.05896899999999 32.93122, -80.05711699999999 32.931487))",45019003104,4293,2233,2060,47.98509201024924,4924,1670,3254,66.08448415922015,5453,2469,2984,54.7221712818632,18.099392148970914,-11.362312877356956,6.737079271613958
45,019,003106,1400000US45019003106,45019003106,31.06,CT,12999770,0,45019003106.0,"POLYGON ((-80.17541199999999 33.010855, -80.17519 33.011131, -80.169985 33.015525, -80.169163 33.015096, -80.164456 33.012818, -80.16363699999999 33.013891, -80.163501 33.014181, -80.16344099999999 33.014342, -80.16260799999999 33.014719, -80.160376 33.017718, -80.160465 33.017765, -80.163229 33.019221, -80.16185899999999 33.020024, -80.16062699999999 33.020885, -80.15872399999999 33.019765, -80.15692399999999 33.019159, -80.15642099999999 33.019083, -80.155095 33.018961, -80.15472 33.018341, -80.15409799999999 33.018287, -80.152821 33.018792, -80.151448 33.019384, -80.14924599999999 33.021601, -80.13213499999999 33.010484, -80.11401099999999 32.998492, -80.11300899999999 33.000792, -80.11152199999999 33.000673, -80.110185 33.002568, -80.108948 33.002472, -80.108896 33.001031, -80.105705 33.000423, -80.102869 33.001176, -80.10196499999999 33.000184, -80.104457 32.996672, -80.104546 32.995665, -80.102718 32.995415, -80.105091 32.992646, -80.100814 32.989705, -80.09822199999999 32.988106, -80.100346 32.987645, -80.103579 32.986949, -80.110095 32.985587, -80.11054299999999 32.985492, -80.12486699999999 32.993186, -80.12876199999999 32.995235, -80.13003499999999 32.995911, -80.13499399999999 32.998585, -80.136224 32.999253, -80.13889899999999 32.994251, -80.143495 32.98549, -80.145207 32.985588, -80.145488 32.984947, -80.145927 32.984509, -80.146936 32.985372, -80.14953199999999 32.987596, -80.15940399999999 32.995752, -80.159863 32.996128, -80.16181499999999 32.997723, -80.162981 32.998676, -80.16766 33.002498, -80.163878 33.008471, -80.162593 33.010502, -80.163867 33.011199, -80.166353 33.012661, -80.166882 33.012061, -80.169364 33.008947, -80.16743799999999 33.007675, -80.16995399999999 33.004346, -80.172552 33.006742, -80.17628599999999 33.010042, -80.17541199999999 33.010855))",45019003106,4115,2138,1977,48.04374240583232,5955,2923,3032,50.915197313182205,6849,3358,3491,50.97094466345452,2.871454907349886,0.0557473502723127,2.9272022576221985
45,019,003109,1400000US45019003109,45019003109,31.09,CT,4112199,335157,45019003109.0,"POLYGON ((-80.09712499999999 32.886825, -80.09422099999999 32.893702, -80.089196 32.905444, -80.08912099999999 32.905633, -80.08547399999999 32.904522, -80.080125 32.902566, -80.07728299999999 32.900893, -80.075014 32.89811, -80.067527 32.886716, -80.068597 32.886358, -80.06915599999999 32.886188, -80.070414 32.88569, -80.07167699999999 32.885167, -80.072693 32.88477, -80.07372699999999 32.883827, -80.07536399999999 32.882893, -80.07587599999999 32.882612, -80.078225 32.878275, -80.07730000000001 32.877828, -80.079256 32.874258, -80.080021 32.87461, -80.080709 32.87492599999999, -80.081637 32.876014, -80.081649 32.876166, -80.08178099999999 32.877838, -80.08147699999999 32.878782, -80.080213 32.880638, -80.076165 32.88411, -80.07546099999999 32.88603, -80.07576499999999 32.886414, -80.07709299999999 32.887166, -80.080741 32.886862, -80.08605299999999 32.88531, -80.09152499999999 32.883022, -80.094149 32.882894, -80.096716 32.884818, -80.097397 32.886182, -80.09712499999999 32.886825))",45019003109,3430,2185,1245,36.29737609329446,3391,1761,1630,48.06841639634326,4105,2093,2012,49.01339829476248,11.7710403030488,0.944981898419222,12.716022201468022
45,019,003111,1400000US45019003111,45019003111,31.11,CT,14124204,70763,45019003111.0,"POLYGON ((-80.06686499999999 32.885612, -80.05289399999999 32.889851, -80.04939299999999 32.88884, -80.048018 32.886797, -80.04858999999999 32.885729, -80.05313699999999 32.887465, -80.05462899999999 32.88468599999999, -80.05599599999999 32.885259, -80.057525 32.882446, -80.05417199999999 32.881187, -80.05233799999999 32.883631, -80.050258 32.88282, -80.05263599999999 32.878414, -80.04673199999999 32.876145, -80.04198699999999 32.885134, -80.037525 32.887947, -80.03443799999999 32.888426, -80.029856 32.883794, -80.02838899999999 32.884435, -80.02577099999999 32.880989, -80.02331699999999 32.882438, -80.02561299999999 32.88582, -80.02453 32.886386, -80.023523 32.88761, -80.025418 32.890721, -80.02243399999999 32.891502, -80.022114 32.891678, -80.016723 32.886012, -79.997692 32.865753, -79.998554 32.865453, -80.00036999999999 32.864911, -80.011358 32.860996, -80.02253499999999 32.857098, -80.025397 32.856058, -80.028346 32.857395, -80.030963 32.857698, -80.032533 32.857442, -80.03512099999999 32.856443, -80.03734 32.855665, -80.03875599999999 32.855487, -80.03953799999999 32.85551, -80.041123 32.855815, -80.042553 32.856438, -80.04486899999999 32.858647, -80.046128 32.860044, -80.046814 32.860806, -80.04988899999999 32.864217, -80.05034599999999 32.864729, -80.0515 32.866022, -80.051766 32.866321, -80.05481499999999 32.870071, -80.05570299999999 32.871054, -80.064517 32.880703, -80.064864 32.881097, -80.06686499999999 32.885612))",45019003111,6031,1951,4080,67.65047255844802,6128,1233,4895,79.87924281984334,4926,1005,3921,79.59805115712545,12.228770261395326,-0.2811916627178874,11.947578598677438
45,019,002003,1400000US45019002003,45019002003,20.03,CT,56593079,20992245,45019002003.0,"POLYGON ((-80.017476 32.643712, -80.01550999999999 32.649332, -80.01286999999999 32.65274, -80.009574 32.657603, -80.006902 32.659331, -80.00367 32.661907, -80.00226599999999 32.663874, -80.000463 32.667513, -80.00027 32.668507, -80.000422 32.671219, -80.003446 32.677811, -80.00390999999999 32.679699, -80.00375199999999 32.684458, -80.001639 32.687444, -79.99236999999999 32.689753, -79.990517 32.690923, -79.98852099999999 32.693952, -79.98809299999999 32.69623, -79.988086 32.6967, -79.98808 32.697159, -79.988074 32.697673, -79.988062 32.698492, -79.988057 32.6989, -79.988225 32.699763, -79.98862799999999 32.701839, -79.988646 32.702311, -79.98862799999999 32.707896, -79.987189 32.711266, -79.987398 32.715433, -79.98764199999999 32.716147, -79.988226 32.717224, -79.989413 32.718445, -79.99090000000001 32.719586, -79.993252 32.720425, -79.995638 32.721267, -79.99631099999999 32.721434, -79.995088 32.725804, -79.99378299999999 32.725583, -79.993031 32.726712, -79.995245 32.727172, -79.994615 32.729471, -79.99207199999999 32.72934, -79.98893 32.730447, -79.98228399999999 32.733682, -79.981809 32.733353, -79.97944699999999 32.735112, -79.975172 32.73502, -79.974614 32.73504, -79.97285599999999 32.735086, -79.968825 32.734286, -79.96919199999999 32.7333, -79.968222 32.728186, -79.968154 32.727886, -79.96619299999999 32.719274, -79.965626 32.71679, -79.96306899999999 32.718318, -79.96003499999999 32.719405, -79.959789 32.719492, -79.95785699999999 32.720173, -79.957522 32.72029, -79.956689 32.720584, -79.956587 32.715807, -79.95846899999999 32.711574, -79.957337 32.709832, -79.957331 32.707942, -79.95732699999999 32.706923, -79.95733899999999 32.703977, -79.952855 32.705306, -79.949057 32.705421, -79.948926 32.706131, -79.948881 32.70645, -79.948679 32.706659, -79.948348 32.70673, -79.94744399999999 32.706373, -79.947164 32.706356, -79.947158 32.706692, -79.94704299999999 32.706885, -79.945076 32.708708, -79.94306499999999 32.707969, -79.942691 32.709388, -79.942764 32.709504, -79.94258599999999 32.710062, -79.94194899999999 32.710877, -79.94129699999999 32.710904, -79.94038999999999 32.710763, -79.93497099999999 32.713096, -79.924184 32.718824, -79.918221 32.721032, -79.914964 32.721295, -79.90988999999999 32.72051, -79.90491 32.722277, -79.903166 32.725666, -79.901355 32.726722, -79.898743 32.726867, -79.89491099999999 32.725125, -79.89308199999999 32.7253, -79.89180499999999 32.727012, -79.891386 32.730047, -79.890771 32.731059, -79.884309 32.738077, -79.87296539753589 32.7445243948285, -79.87093 32.742434, -79.86936399999999 32.733642, -79.870148 32.730003, -79.87095628029419 32.7288647527932, -79.875829 32.7220028267582, -79.880059 32.716046, -79.88359199999999 32.709316, -79.88709399999999 32.701947, -79.88777545222379 32.6970075657868, -79.88802799999999 32.695177, -79.8880279429372 32.695105367206, -79.88802726333719 32.6942522427097, -79.8880240424747 32.6902089866175, -79.888913 32.690738, -79.896209 32.696962, -79.898337 32.697714, -79.89929699999999 32.696802, -79.89756899999999 32.693186, -79.89604899999999 32.688882, -79.897041 32.688274, -79.898961 32.688546, -79.90176099999999 32.686306, -79.901425 32.684914, -79.899681 32.684082, -79.900881 32.682498, -79.901313 32.679667, -79.90184099999999 32.679379, -79.906685 32.678902, -79.910904 32.679001, -79.91287199999999 32.678741, -79.914536 32.679249, -79.91407799999999 32.675144, -79.91321599999999 32.674358, -79.91042299999999 32.673531, -79.91029 32.672931, -79.914514 32.671459, -79.91740999999999 32.669491, -79.91913799999999 32.668819, -79.92313799999999 32.668419, -79.925539 32.667251, -79.929491 32.665939, -79.93361899999999 32.664883, -79.940527 32.661962, -79.943592 32.661369, -79.94685199999999 32.660937, -79.95220999999999 32.659716, -79.953599 32.658893, -79.954452 32.658083, -79.959796 32.652371, -79.96258 32.650451, -79.968644 32.64738, -79.972661 32.645748, -79.974757 32.644244, -79.98061299999999 32.639444, -79.98347699999999 32.636468, -79.98622899999999 32.63442, -79.992952 32.628656, -79.994643 32.627184, -79.997337 32.629782, -80.00035199999999 32.631424, -80.006288 32.634109, -80.009794 32.635501, -80.01239 32.635972, -80.01590999999999 32.63714, -80.017366 32.639596, -80.017894 32.642036, -80.017476 32.643712))",45019002003,5773,2573,3200,55.43045210462498,8351,5317,3034,36.33097832594899,9312,6048,3264,35.051546391752574,-19.099473778675993,-1.2794319341964169,-20.37890571287241
45,019,002300,1400000US45019002300,45019002300,23,CT,175600784,33457390,45019002300.0,"POLYGON ((-80.42721999999999 32.625183, -80.422935 32.626626, -80.417171 32.626915, -80.40850399999999 32.626693, -80.40563 32.629454, -80.402739 32.63811099999999, -80.39792299999999 32.643258, -80.389955 32.647906, -80.388616 32.65119, -80.38940099999999 32.65282, -80.386619 32.655845, -80.38364399999999 32.656941, -80.38151499999999 32.655496, -80.37937699999999 32.652654, -80.376649 32.651564, -80.37524999999999 32.651769, -80.374555 32.653348, -80.37420299999999 32.655973, -80.373521 32.657311, -80.37222799999999 32.657658, -80.370847 32.65735, -80.36646499999999 32.655268, -80.36515799999999 32.654257, -80.366281 32.65179, -80.36869399999999 32.650229, -80.36931799999999 32.64805, -80.36820299999999 32.646927, -80.36670099999999 32.64627, -80.36362199999999 32.647608, -80.36175999999999 32.647564, -80.360439 32.645049, -80.357823 32.64508, -80.35488599999999 32.646508, -80.352936 32.648476, -80.35163299999999 32.647982, -80.351535 32.643647, -80.34991099999999 32.643734, -80.348483 32.646918, -80.347331 32.646554, -80.34388899999999 32.643265, -80.343931 32.642004, -80.347054 32.640173, -80.348878 32.638294, -80.348793 32.636386, -80.34612899999999 32.635486, -80.34312899999999 32.635684, -80.34017999999999 32.636813, -80.33834999999999 32.637923, -80.33623399999999 32.638475, -80.33429 32.638098, -80.328413 32.635851, -80.32557899999999 32.637496, -80.324381 32.639663, -80.324589 32.64074799999999, -80.32613099999999 32.642998, -80.32599599999999 32.64493, -80.32428999999999 32.6455, -80.32256599999999 32.645084, -80.31656199999999 32.642237, -80.31336499999999 32.641164, -80.31271099999999 32.638919, -80.31771999999999 32.635777, -80.318609 32.633916, -80.31788399999999 32.632059, -80.315821 32.631261, -80.31267 32.631263, -80.309584 32.630578, -80.30216799999999 32.627656, -80.30047499999999 32.627189, -80.29639499999999 32.624584, -80.29202599999999 32.623572, -80.28570000000001 32.622368, -80.277547 32.623472, -80.27121199999999 32.625076, -80.265894 32.619842, -80.2603 32.615003, -80.254828 32.612191, -80.24982 32.610719, -80.236796 32.605821, -80.22931299999999 32.597592, -80.22155599999999 32.585501, -80.211456 32.580843, -80.20916099999999 32.57937, -80.192053 32.56839, -80.190201 32.566461, -80.1906480093446 32.5600852940735, -80.194985 32.56003, -80.20523 32.555547, -80.218396 32.550614, -80.246205 32.536188, -80.252867925198 32.5314537109213, -80.255583 32.531861, -80.25643699999999 32.532505, -80.255754 32.535843, -80.256399 32.536823, -80.261234 32.535703, -80.260741 32.532605, -80.26347199999999 32.533104, -80.26538699999999 32.531806, -80.26455299999999 32.528856, -80.266525 32.52784, -80.27172499999999 32.526996, -80.27507799999999 32.524546, -80.27772899999999 32.523767, -80.27971099999999 32.524627, -80.28470799999999 32.530392, -80.290345 32.527827, -80.29121599999999 32.527005, -80.29982199999999 32.521178, -80.301141 32.520121, -80.31105699999999 32.513393, -80.312359 32.513499, -80.31908899999999 32.511026, -80.32074299999999 32.512962, -80.318928 32.517, -80.31874599999999 32.520039, -80.32017999999999 32.519656, -80.321274 32.523177, -80.32311299999999 32.523887, -80.326683 32.524093, -80.330496 32.523038, -80.332768 32.523954, -80.335094 32.526337, -80.336906 32.526314, -80.336094 32.524664, -80.338014 32.52416, -80.33906899999999 32.523151, -80.341909 32.523769, -80.34404499999999 32.523379, -80.34485699999999 32.524708, -80.34691599999999 32.526271, -80.34831799999999 32.525345, -80.34873499999999 32.524154, -80.34774899999999 32.521759, -80.349588 32.519896, -80.34928499999999 32.518274, -80.344353 32.517642, -80.34082599999999 32.515229, -80.33610399999999 32.514001, -80.33398 32.513135, -80.332482 32.511504, -80.330106 32.506732, -80.326483 32.50503, -80.324309 32.502789, -80.32418799999999 32.500187, -80.32546499999999 32.495859, -80.32660199999999 32.493805, -80.33417399999999 32.493328, -80.336327 32.493565, -80.345004 32.497013, -80.350599 32.498696, -80.352823 32.500187, -80.353538 32.502804, -80.355222 32.50536, -80.379032 32.530932, -80.382452 32.533072, -80.3908 32.536461, -80.399254 32.538834, -80.406616 32.540529, -80.413195 32.543083, -80.416586 32.546318, -80.416625 32.549877, -80.415273 32.553861, -80.41275399999999 32.556612, -80.407921 32.559255, -80.396064 32.561637, -80.39135899999999 32.56626, -80.38900199999999 32.571732, -80.38873699999999 32.57447, -80.390231 32.578708, -80.39617699999999 32.587907, -80.39775399999999 32.59267, -80.39623 32.596629, -80.393286 32.600659, -80.39042599999999 32.605317, -80.387834 32.609139, -80.387213 32.613495, -80.38760499999999 32.616524, -80.389428 32.6185, -80.39272299999999 32.619286, -80.395095 32.619226, -80.398031 32.618264, -80.407501 32.613889, -80.418172 32.604474, -80.42137099999999 32.604776, -80.422693 32.605446, -80.42444999999999 32.607801, -80.42546899999999 32.611869, -80.425787 32.614632, -80.427617 32.622253, -80.42721999999999 32.625183))",45019002300,1558,687,871,55.905006418485236,1879,1011,868,46.194784459819054,1482,749,733,49.46018893387315,-9.710221958666182,3.265404474054094,-6.444817484612088
45,019,003700,1400000US45019003700,45019003700,37,CT,2702789,3850,45019003700.0,"POLYGON ((-79.996212 32.872695, -79.99554599999999 32.872423, -79.99461099999999 32.871896, -79.98505 32.872997, -79.980633 32.873558, -79.980076 32.873902, -79.975487 32.874422, -79.97384099999999 32.876003, -79.97348699999999 32.873058, -79.97520799999999 32.870989, -79.975915 32.868286, -79.978825 32.867388, -79.97619299999999 32.860735, -79.977001 32.860357, -79.98194599999999 32.858271, -79.985404 32.856826, -79.984537 32.856103, -79.986437 32.854527, -79.988265 32.856157, -79.991984 32.862727, -79.99745 32.873047, -79.996212 32.872695))",45019003700,4212,824,3388,80.43684710351377,3383,465,2918,86.25480342890926,3499,485,3014,86.13889682766505,5.817956325395485,-0.11590660124420538,5.70204972415128
45,019,004400,1400000US45019004400,45019004400,44,CT,4859780,1321222,45019004400.0,"POLYGON ((-79.97938499999999 32.84574, -79.97937399999999 32.84697, -79.979546 32.849723, -79.97859 32.851828, -79.97294599999999 32.850113, -79.96914699999999 32.846463, -79.96690699999999 32.844002, -79.964952 32.841841, -79.963815 32.841307, -79.962661 32.839988, -79.963303 32.839761, -79.96094699999999 32.837096, -79.960697 32.837078, -79.96037099999999 32.836787, -79.959678 32.836307, -79.95912 32.836006, -79.957572 32.835259, -79.956064 32.834492, -79.954915 32.833638, -79.953249 32.831413, -79.952759 32.829784, -79.952292 32.821718, -79.951596 32.818808, -79.95094999999999 32.81245, -79.952653 32.812386, -79.95488999999999 32.812403, -79.95764899999999 32.812384, -79.96033799999999 32.812449, -79.96636099999999 32.812797, -79.96661 32.824775, -79.967208 32.827597, -79.96860099999999 32.830608, -79.969758 32.831352, -79.97358 32.832758, -79.97837899999999 32.834516, -79.984607 32.836876, -79.97938499999999 32.84574))",45019004400,2057,260,1797,87.36023334953816,2216,268,1948,87.90613718411552,2580,457,2123,82.28682170542636,0.5459038345773592,-5.61931547868916,-5.0734116441118005
45,019,000100,1400000US45019000100,45019000100,1,CT,714312,754367,45019000100.0,"POLYGON ((-79.94435399999999 32.776183, -79.94478599999999 32.776976, -79.941076 32.778422, -79.93827499999999 32.779531, -79.93748099999999 32.777353, -79.934832 32.777579, -79.934653 32.776123, -79.934287 32.774299, -79.934236 32.774175, -79.93381599999999 32.772012, -79.93538199999999 32.77073, -79.936195 32.763105, -79.94091499999999 32.764512, -79.94336799999999 32.768434, -79.94947499999999 32.773664, -79.94435399999999 32.776183))",45019000100,2645,2313,332,12.551984877126653,2767,2361,406,14.672930972172027,2576,2030,546,21.195652173913043,2.1209460950453742,6.522721201741016,8.64366729678639
45,019,003200,1400000US45019003200,45019003200,32,CT,12729014,52004,45019003200.0,"POLYGON ((-80.068752 32.90132, -80.069783 32.903893, -80.063622 32.908356, -80.063349 32.911297, -80.059585 32.91195, -80.06357799999999 32.916932, -80.059011 32.919846, -80.058115 32.919821, -80.060531 32.923229, -80.05734699999999 32.925085, -80.057683 32.925469, -80.054851 32.926493, -80.04871799999999 32.920243, -80.047831 32.919294, -80.044282 32.915014, -80.045328 32.914462, -80.040853 32.908551, -80.038752 32.909007, -80.030368 32.90028, -80.02794799999999 32.897565, -80.02243399999999 32.891502, -80.025418 32.890721, -80.023523 32.88761, -80.02453 32.886386, -80.02561299999999 32.88582, -80.02331699999999 32.882438, -80.02577099999999 32.880989, -80.02838899999999 32.884435, -80.029856 32.883794, -80.03443799999999 32.888426, -80.037525 32.887947, -80.04198699999999 32.885134, -80.04673199999999 32.876145, -80.05263599999999 32.878414, -80.050258 32.88282, -80.05233799999999 32.883631, -80.05417199999999 32.881187, -80.057525 32.882446, -80.05599599999999 32.885259, -80.05462899999999 32.88468599999999, -80.05313699999999 32.887465, -80.04858999999999 32.885729, -80.048018 32.886797, -80.04939299999999 32.88884, -80.05289399999999 32.889851, -80.06686499999999 32.885612, -80.067527 32.886716, -80.075014 32.89811, -80.068752 32.90132))",45019003200,3324,2530,794,23.886883273164862,871,643,228,26.176808266360506,1146,843,303,26.439790575916227,2.289924993195644,0.26298230955572066,2.5529073027513647
45,019,002005,1400000US45019002005,45019002005,20.05,CT,12434417,4165162,45019002005.0,"POLYGON ((-79.95846899999999 32.711574, -79.956587 32.715807, -79.956689 32.720584, -79.95603199999999 32.720815, -79.955288 32.721077, -79.950689 32.722731, -79.950328 32.722867, -79.94821899999999 32.723514, -79.94210099999999 32.725795, -79.94053199999999 32.726845, -79.93984999999999 32.727333, -79.937095 32.728675, -79.93535899999999 32.729509, -79.933797 32.730207, -79.931057 32.730417, -79.930216 32.730462, -79.929255 32.730507, -79.92758599999999 32.730863, -79.92111799999999 32.738815, -79.920675 32.73905, -79.91828 32.739698, -79.91711599999999 32.739984, -79.91655999999999 32.740246, -79.915386 32.741304, -79.912561 32.743497, -79.90955599999999 32.745792, -79.909474 32.745853, -79.90754299999999 32.74693, -79.905068 32.748261, -79.899226 32.750549, -79.898506 32.751318, -79.89861002736428 32.7529949739463, -79.8975756310042 32.7522413671758, -79.897291 32.752034, -79.89638697388519 32.7496584361085, -79.89634 32.749535, -79.890874 32.751034, -79.8904369366077 32.7510265701081, -79.879109 32.750834, -79.87296539753589 32.7445243948285, -79.884309 32.738077, -79.890771 32.731059, -79.891386 32.730047, -79.89180499999999 32.727012, -79.89308199999999 32.7253, -79.89491099999999 32.725125, -79.898743 32.726867, -79.901355 32.726722, -79.903166 32.725666, -79.90491 32.722277, -79.90988999999999 32.72051, -79.914964 32.721295, -79.918221 32.721032, -79.924184 32.718824, -79.93497099999999 32.713096, -79.94038999999999 32.710763, -79.94129699999999 32.710904, -79.94194899999999 32.710877, -79.94258599999999 32.710062, -79.942764 32.709504, -79.942691 32.709388, -79.94306499999999 32.707969, -79.945076 32.708708, -79.94704299999999 32.706885, -79.947158 32.706692, -79.947164 32.706356, -79.94744399999999 32.706373, -79.948348 32.70673, -79.948679 32.706659, -79.948881 32.70645, -79.948926 32.706131, -79.949057 32.705421, -79.952855 32.705306, -79.95733899999999 32.703977, -79.95732699999999 32.706923, -79.957331 32.707942, -79.957337 32.709832, -79.95846899999999 32.711574))",45019002005,5340,5104,236,4.419475655430712,5942,5567,375,6.311006395153147,6611,6030,581,8.788382998033581,1.8915307397224357,2.477376602880434,4.36890734260287
45,019,003400,1400000US45019003400,45019003400,34,CT,7299673,1521168,45019003400.0,"POLYGON ((-80.01159 32.899932, -80.01089 32.900038, -80.008855 32.900188, -80.00160699999999 32.901516, -80.00017099999999 32.901757, -79.999222 32.901934, -79.99421699999999 32.902769, -79.99078299999999 32.903391, -79.985703 32.904209, -79.95132799999999 32.91004, -79.95044799999999 32.910174, -79.948848 32.90811, -79.948138 32.907234, -79.95275199999999 32.903831, -79.961585 32.893392, -79.96267499999999 32.891146, -79.964641 32.88163, -79.964513 32.87795, -79.97359299999999 32.878164, -79.97413 32.881569, -79.97793799999999 32.881511, -79.97797 32.883247, -79.979145 32.883223, -79.97971799999999 32.886204, -79.980065 32.893435, -79.985564 32.894066, -79.996377 32.894267, -80.000682 32.893332, -80.004729 32.892226, -80.00698299999999 32.890906, -80.00803499999999 32.892881, -80.011774 32.899881, -80.01159 32.899932))",45019003400,4460,1713,2747,61.591928251121075,4450,1562,2888,64.89887640449437,4414,1585,2829,64.09152695967376,3.3069481533732983,-0.8073494448206162,2.499598708552682
45,019,004000,1400000US45019004000,45019004000,40,CT,1621949,358965,45019004000.0,"POLYGON ((-79.99685099999999 32.853571, -79.994518 32.853489, -79.98977499999999 32.853228, -79.989683 32.853223, -79.98962299999999 32.853215, -79.989527 32.853204, -79.98944299999999 32.853194, -79.98938299999999 32.853187, -79.989358 32.853183, -79.987515 32.853062, -79.98569499999999 32.852939, -79.981568 32.852638, -79.97859 32.851828, -79.979546 32.849723, -79.97937399999999 32.84697, -79.97938499999999 32.84574, -79.984607 32.836876, -79.98811099999999 32.837275, -79.991917 32.845948, -79.99199899999999 32.846769, -79.993146 32.846813, -79.99619299999999 32.847068, -79.99685099999999 32.853571))",45019004000,2828,394,2434,86.06789250353607,2762,200,2562,92.75887038377986,2696,271,2425,89.94807121661721,6.690977880243793,-2.8107991671626564,3.8801787130811363
45,019,002002,1400000US45019002002,45019002002,20.02,CT,5461560,189666,45019002002.0,"POLYGON ((-79.98228399999999 32.733682, -79.980645 32.735893, -79.97905799999999 32.739348, -79.977498 32.741129, -79.97544599999999 32.741418, -79.97401099999999 32.742378, -79.97349699999999 32.742466, -79.97343599999999 32.742469, -79.972122 32.743216, -79.971975 32.743374, -79.971982 32.743825, -79.971884 32.744066, -79.971728 32.744292, -79.971559 32.744457, -79.971403 32.744534, -79.966914 32.745585, -79.966949 32.747714, -79.96378899999999 32.746368, -79.959542 32.74630000000001, -79.95752999999999 32.747037, -79.952398 32.745597, -79.952203 32.745125, -79.95288599999999 32.744471, -79.95211499999999 32.743961, -79.95214299999999 32.743557, -79.95328499999999 32.741756, -79.95428199999999 32.74104, -79.95485699999999 32.739639, -79.955917 32.739109, -79.953087 32.736973, -79.953941 32.735538, -79.952499 32.734905, -79.95063399999999 32.734426, -79.94632899999999 32.731401, -79.946372 32.731304, -79.94843999999999 32.72696, -79.948747 32.726315, -79.94876099999999 32.726286, -79.95030299999999 32.722946, -79.950328 32.722867, -79.950689 32.722731, -79.955288 32.721077, -79.95603199999999 32.720815, -79.956689 32.720584, -79.957522 32.72029, -79.95785699999999 32.720173, -79.959789 32.719492, -79.96003499999999 32.719405, -79.96306899999999 32.718318, -79.965626 32.71679, -79.96619299999999 32.719274, -79.968154 32.727886, -79.968222 32.728186, -79.96919199999999 32.7333, -79.968825 32.734286, -79.97285599999999 32.735086, -79.974614 32.73504, -79.975172 32.73502, -79.97944699999999 32.735112, -79.981809 32.733353, -79.98228399999999 32.733682))",45019002002,6003,5112,891,14.842578710644677,5899,5144,755,12.798779454144771,6095,5234,861,14.126333059885152,-2.0437992564999057,1.3275536057403805,-0.7162456507595252
45,019,002200,1400000US45019002200,45019002200,22,CT,108513479,22600414,45019002200.0,"POLYGON ((-80.27132 32.625182, -80.26990000000001 32.633458, -80.265807 32.644773, -80.25995499999999 32.648994, -80.255787 32.651149, -80.24826299999999 32.654742, -80.245553 32.655518, -80.24061399999999 32.657588, -80.238405 32.659253, -80.237582 32.661107, -80.237044 32.666665, -80.23849 32.669581, -80.24035599999999 32.671877, -80.241799 32.676019, -80.24159499999999 32.677657, -80.241068 32.67885, -80.239521 32.679966, -80.23437899999999 32.680939, -80.231037 32.682318, -80.22719699999999 32.68344, -80.224138 32.684868, -80.221603 32.687345, -80.22218599999999 32.692431, -80.22211299999999 32.694375, -80.218701 32.697094, -80.21570299999999 32.697642, -80.210459 32.696055, -80.207796 32.697466, -80.20490099999999 32.70084, -80.197423 32.704765, -80.19538299999999 32.70651, -80.19058099999999 32.709232, -80.18588199999999 32.709404, -80.18044499999999 32.708824, -80.17814 32.708165, -80.175952 32.706995, -80.174307 32.706812, -80.17159099999999 32.707913, -80.169538 32.708291, -80.165949 32.706755, -80.162646 32.707705, -80.160963 32.707417, -80.159452 32.704621, -80.157532 32.704373, -80.15525 32.706786, -80.151425 32.707493, -80.148307 32.709621, -80.139826 32.711377, -80.138885 32.71135, -80.135594 32.709047, -80.13226 32.708116, -80.13005799999999 32.707109, -80.12825699999999 32.705489, -80.12584199999999 32.705473, -80.12018499999999 32.709026, -80.11844099999999 32.71093, -80.112729 32.712562, -80.110857 32.713938, -80.109657 32.71413, -80.106217 32.716098, -80.10512899999999 32.717682, -80.103336 32.716978, -80.09930299999999 32.717293, -80.09861599999999 32.717186, -80.09770399999999 32.716642, -80.09595999999999 32.715874, -80.095096 32.715218, -80.094184 32.715026, -80.093683 32.715067, -80.092714 32.715048, -80.09158099999999 32.714427, -80.08546299999999 32.713235, -80.08336799999999 32.71157, -80.082584 32.709474, -80.081096 32.70853, -80.080344 32.706418, -80.077608 32.702274, -80.07553399999999 32.700195, -80.076312 32.69773, -80.07776799999999 32.695506, -80.08000799999999 32.692995, -80.085672 32.688691, -80.09127199999999 32.686819, -80.093576 32.684307, -80.09493599999999 32.683763, -80.09956 32.683587, -80.101288 32.682915, -80.10324 32.680339, -80.104569 32.679635, -80.11053699999999 32.678435, -80.11336899999999 32.677139, -80.11490499999999 32.674547, -80.116297 32.673379, -80.12160899999999 32.671299, -80.12481699999999 32.668571, -80.12840299999999 32.667179, -80.132637 32.666089, -80.13605199999999 32.662873, -80.14155 32.65905, -80.14282999999999 32.658158, -80.144769 32.6565, -80.14639799999999 32.654442, -80.14705499999999 32.65166, -80.15227299999999 32.648965, -80.157241 32.644462, -80.158243 32.640907, -80.159274 32.639628, -80.162301 32.638266, -80.163303 32.637018, -80.16611899999999 32.630814, -80.166173 32.628341, -80.164109 32.623385, -80.166344 32.616385, -80.16578699999999 32.613962, -80.164187 32.613175, -80.15944999999999 32.611979, -80.15675899999999 32.610847, -80.156887 32.607053, -80.159312 32.60561, -80.165944 32.603739, -80.173149 32.602894, -80.17542299999999 32.599544, -80.17783799999999 32.594742, -80.179771 32.59471, -80.185694 32.597697, -80.189864 32.599266, -80.192061 32.598908, -80.195764 32.595402, -80.20328499999999 32.589543, -80.204773 32.587494, -80.20682599999999 32.583691, -80.20916099999999 32.57937, -80.211456 32.580843, -80.22155599999999 32.585501, -80.22931299999999 32.597592, -80.236796 32.605821, -80.24982 32.610719, -80.254828 32.612191, -80.2603 32.615003, -80.265894 32.619842, -80.27121199999999 32.625076, -80.27132 32.625182))",45019002200,2584,891,1693,65.5185758513932,2725,1228,1497,54.935779816513765,3106,1236,1870,60.20605280103026,-10.58279603487943,5.270272984516495,-5.312523050362934
45,019,003107,1400000US45019003107,45019003107,31.07,CT,21292679,59203,45019003107.0,"POLYGON ((-80.138246 32.981537, -80.13632299999999 32.981079, -80.131844 32.98002, -80.130646 32.979009, -80.12561099999999 32.98216, -80.11054299999999 32.985492, -80.110095 32.985587, -80.103579 32.986949, -80.100346 32.987645, -80.09822199999999 32.988106, -80.09760399999999 32.988332, -80.095733 32.989036, -80.094556 32.989471, -80.09202599999999 32.990401, -80.087288 32.992058, -80.086941 32.992181, -80.085741 32.991041, -80.08511399999999 32.990447, -80.08009299999999 32.985672, -80.081497 32.983955, -80.082359 32.98035, -80.08315 32.977786, -80.08347599999999 32.9627, -80.08374599999999 32.961477, -80.084459 32.9586, -80.071264 32.944405, -80.05896899999999 32.93122, -80.06422999999999 32.931343, -80.072574 32.92945, -80.076899 32.927788, -80.079055 32.926933, -80.079559 32.926683, -80.07902799999999 32.927811, -80.08364 32.931424, -80.085289 32.932801, -80.089297 32.93614, -80.09201899999999 32.938547, -80.096755 32.942628, -80.100675 32.946033, -80.10893899999999 32.953265, -80.113776 32.957524, -80.128497 32.970037, -80.13537099999999 32.975683, -80.14094299999999 32.979613, -80.138246 32.981537))",45019003107,3940,1659,2281,57.89340101522843,4397,1541,2856,64.9533773027064,4286,1622,2664,62.155856276248244,7.059976287477973,-2.7975210264581563,4.2624552610198165
45,019,000200,1400000US45019000200,45019000200,2,CT,750369,2185889,45019000200.0,"POLYGON ((-79.93538199999999 32.77073, -79.93381599999999 32.772012, -79.934236 32.774175, -79.934287 32.774299, -79.934653 32.776123, -79.934832 32.777579, -79.932889 32.77776, -79.9236402376896 32.779286033757, -79.924387 32.775019, -79.927357 32.772521, -79.92736921807379 32.77249190608649, -79.92878399999999 32.769123, -79.928686681244 32.7630344442139, -79.936195 32.763105, -79.93538199999999 32.77073))",45019000200,1587,1540,47,2.9615626969124134,1363,1349,14,1.0271460014673515,1408,1402,6,0.4261363636363636,-1.934416695445062,-0.6010096378309879,-2.5354263332760496
